image_i,image_j,keypoints_i,keypoints_j,raw_matches,filtered_matches,ransac_inliers,inlier_ratio,mean_epipolar_error_all,median_epipolar_error_all,mean_epipolar_error_inliers,median_epipolar_error_inliers,max_epipolar_error_inliers,fundamental_matrix
/home/kane/code/GF4/week2/Dataset_mode/images/IMG_6253.JPG,/home/kane/code/GF4/week2/Dataset_mode/images/IMG_6256.JPG,847,469,847,188,79,0.42021276595744683,57.281987418507285,1.7953920989101593,0.300577683018685,0.2129026076995863,0.9294787908832708,"[[-8.138803483583717e-08, 6.732791511053851e-06, -0.0005960341582448658], [-4.165582566754848e-06, -2.3695374493919862e-08, -0.0583514880700134], [-0.0002451842601549366, 0.054881281243622106, 1.0]]"
/home/kane/code/GF4/week2/Dataset_mode/images/IMG_6253.JPG,/home/kane/code/GF4/week2/Dataset_mode/images/IMG_6259.JPG,847,860,847,128,34,0.265625,64.4803286771454,4.578712268216388,0.3081212994399503,0.14609532780881918,0.895761707851371,"[[-1.3384278757379066e-09, 4.33272114639097e-06, -0.0028984974213063816], [-2.4081588883722994e-06, 9.964185106173101e-08, -0.0011400640635731948], [0.0013960809015920997, -0.0005647187609662876, 1.0]]"
/home/kane/code/GF4/week2/Dataset_mode/images/IMG_6253.JPG,/home/kane/code/GF4/week2/Dataset_mode/images/IMG_6262.JPG,847,643,847,113,26,0.23008849557522124,123.98382104245475,50.52728833947088,0.28095456868917107,0.2107947518719948,0.9277540550257889,"[[2.6495084096906145e-06, -2.189491724955886e-07, -0.0015171663895466529], [-9.620083350462649e-07, 7.606393533854205e-08, 0.0005568862198026249], [-0.0017319641910677962, 0.00013842456173948447, 1.0]]"
/home/kane/code/GF4/week2/Dataset_mode/images/IMG_6253.JPG,/home/kane/code/GF4/week2/Dataset_mode/images/IMG_6265.JPG,847,857,847,89,24,0.2696629213483146,60.48458191707522,24.538105350448905,0.13753315526611057,0.08093661751833131,0.3671013433443273,"[[2.9622036259682587e-06, -6.67092640363985e-07, -0.0015450182431112779], [-1.0700291072605034e-06, 2.1528169989799754e-07, 0.000555789455284126], [-0.0019153660387830481, 0.00044232036943436066, 1.0]]"
/home/kane/code/GF4/week2/Dataset_mode/images/IMG_6253.JPG,/home/kane/code/GF4/week2/Dataset_mode/images/IMG_6268.JPG,847,884,847,49,11,0.22448979591836735,96.4401474837159,81.0813664650858,0.10502621740317108,1.0675168413121352e-12,0.6460591176664875,"[[1.693129853530259e-06, -6.161295151910789e-08, -0.001138991015218895], [-3.8256030873406423e-07, 1.5638690886522572e-08, 0.00018575064808741386], [-0.0014294284968101136, 5.1095769268806266e-05, 1.0]]"
/home/kane/code/GF4/week2/Dataset_mode/images/IMG_6253.JPG,/home/kane/code/GF4/week2/Dataset_mode/images/IMG_6271.JPG,847,898,847,66,14,0.21212121212121213,129.03094369798356,118.17708622359491,0.08105490257592991,1.248310634188325e-12,0.48878859162755534,"[[9.147333551463743e-06, -1.149845736108431e-05, 0.0022374058848723525], [3.529873345317816e-06, 5.138116270883369e-06, -0.005500336303049225], [-0.008380496808761963, 0.005945541714611939, 1.0]]"
/home/kane/code/GF4/week2/Dataset_mode/images/IMG_6253.JPG,/home/kane/code/GF4/week2/Dataset_mode/images/IMG_6280.JPG,847,817,847,61,13,0.21311475409836064,100.29301370282695,55.39467292475577,0.028152120555513492,4.0973343832923466e-13,0.1404841848621069,"[[6.413051206130861e-06, 2.0060289796143887e-06, -0.006729264168339919], [-6.763010318160314e-06, -2.7306143443188595e-07, 0.0047793504920139495], [0.0008063157969343356, -0.0012156636300994354, 0.9999999999999999]]"
/home/kane/code/GF4/week2/Dataset_mode/images/IMG_6253.JPG,/home/kane/code/GF4/week2/Dataset_mode/images/IMG_6283.JPG,847,822,847,56,10,0.17857142857142858,116.84796474043742,73.25035827628446,0.10759474161243361,8.109309099953672e-14,0.7111610128851984,"[[4.4159897246085e-06, -3.611006969568551e-06, -0.0016411801501735861], [1.1671725969745924e-06, 3.054776330349384e-06, -0.0012751561516303569], [-0.0017813734192390328, -0.00015373705140852046, 1.0]]"
/home/kane/code/GF4/week2/Dataset_mode/images/IMG_6253.JPG,/home/kane/code/GF4/week2/Dataset_mode/images/IMG_6286.JPG,847,843,847,61,18,0.29508196721311475,107.2218316096277,49.74089175480177,0.08561509277158529,0.021833440029167504,0.47556891318316297,"[[4.356422016182953e-07, 5.869211394634784e-07, -0.0010643776941912729], [2.994114484497936e-07, 2.4189297710831815e-07, -0.0005177094347752489], [-0.00028422013575812166, -0.000613708131875898, 0.9999999999999999]]"
/home/kane/code/GF4/week2/Dataset_mode/images/IMG_6253.JPG,/home/kane/code/GF4/week2/Dataset_mode/images/IMG_6289.JPG,847,1298,847,47,12,0.2553191489361702,135.5553070734399,80.58372050820873,0.02787847520956031,1.3727557086370722e-11,0.3345417014703668,"[[1.4438519463384481e-06, -1.6940741043359061e-07, -0.0009130562160718308], [2.7158517925171225e-07, -1.0802198277192433e-07, -0.0001168559359009296], [-0.0016474983346824634, 0.0002513503327499304, 1.0]]"
/home/kane/code/GF4/week2/Dataset_mode/images/IMG_6253.JPG,/home/kane/code/GF4/week2/Dataset_mode/images/IMG_6292.JPG,847,1400,847,74,13,0.17567567567567569,128.36622236544355,27.24761296414348,0.02886950598323363,9.233004361027322e-13,0.35018349970311274,"[[1.2449892890548197e-06, -1.0835856523326813e-07, -0.0007223420646363492], [9.382502085033459e-07, -2.2041770942904375e-07, -0.0004746082369411943], [-0.0017850378261018455, 0.00022632332629563088, 1.0]]"
/home/kane/code/GF4/week2/Dataset_mode/images/IMG_6253.JPG,/home/kane/code/GF4/week2/Dataset_mode/images/IMG_6295.JPG,847,898,847,74,15,0.20270270270270271,142.7121604637872,97.52084430759214,0.048523542969650196,4.657931386180913e-12,0.21873303081024753,"[[2.8079633021816167e-06, -2.010818198799582e-06, -0.0010409633857447593], [-6.811490247651882e-08, 2.696001326636963e-07, -2.5555659428478963e-05], [-0.0026360422791663484, 0.001788734597545574, 1.0]]"
/home/kane/code/GF4/week2/Dataset_mode/images/IMG_6253.JPG,/home/kane/code/GF4/week2/Dataset_mode/images/IMG_6298.JPG,847,678,847,47,13,0.2765957446808511,89.78127704477264,38.084609435371235,0.073890882255391,4.0613778556491896e-13,0.43568226554552764,"[[8.700930270371682e-06, -1.3525712994020759e-06, -0.005397658525360092], [-1.4031005398526053e-05, 2.3000133736234456e-06, 0.006866352085840623], [0.0002887638477645811, -0.00012115728104855677, 1.0]]"
/home/kane/code/GF4/week2/Dataset_mode/images/IMG_6253.JPG,/home/kane/code/GF4/week2/Dataset_mode/images/IMG_6301.JPG,847,692,847,54,16,0.2962962962962963,101.38443706228692,68.90919770414354,0.18514834974685723,0.0629951222931243,0.8487396233771047,"[[-1.2802306869405024e-06, -8.266191944070005e-08, 0.0012139769875293255], [4.3541374588048605e-06, -2.8853031613521095e-07, -0.0027377621787668224], [-0.0020370363446943125, 0.00024999405460436624, 1.0]]"
/home/kane/code/GF4/week2/Dataset_mode/images/IMG_6253.JPG,/home/kane/code/GF4/week2/Dataset_mode/images/IMG_6304.JPG,847,1111,847,57,17,0.2982456140350877,152.66863186108336,46.88001005973514,0.09317419944911988,2.523823718320545e-12,0.44232193050611,"[[-1.3935532991615467e-06, 6.219443810198626e-07, 0.0005513869810132032], [4.8239289967588105e-06, -1.2757972894093023e-06, -0.002222216924609769], [-0.002136002488121167, 0.0005201039461985063, 1.0]]"
/home/kane/code/GF4/week2/Dataset_mode/images/IMG_6253.JPG,/home/kane/code/GF4/week2/Dataset_mode/images/IMG_6310.JPG,847,1277,847,65,13,0.2,122.30008468326956,61.95049051865277,0.07489326622800255,5.181492602435781e-13,0.1990869562183562,"[[-1.038683087786396e-07, 9.278502382870481e-07, -0.0003619357981145534], [1.3599603289791836e-06, 9.258077200628883e-07, -0.0017052002358089575], [-0.0004232620224651778, -0.0012402718086442195, 1.0]]"
/home/kane/code/GF4/week2/Dataset_mode/images/IMG_6253.JPG,/home/kane/code/GF4/week2/Dataset_mode/images/IMG_6313.JPG,847,1098,847,30,10,0.3333333333333333,110.78119129787231,66.8372339107103,0.04699426849506778,7.482084850345564e-13,0.3503145682024133,"[[-2.50658585737143e-07, 1.5124822367988718e-06, -0.0009537431859359752], [4.147259869872567e-07, 2.8755076395186653e-07, -0.00045227587149811556], [3.6512534262828746e-05, -0.001403602736251755, 0.9999999999999999]]"
/home/kane/code/GF4/week2/Dataset_mode/images/IMG_6253.JPG,/home/kane/code/GF4/week2/Dataset_mode/images/IMG_6316.JPG,847,922,847,65,12,0.18461538461538463,100.47086247703683,60.825501030358446,0.06644874220053264,5.687958101351803e-13,0.31302048850118325,"[[7.642492178498492e-06, -7.652669462994073e-06, 0.001095718605034364], [4.931624715756358e-06, 8.439126728972343e-07, -0.003678350237062355], [-0.009196947552563416, 0.00615217061604391, 1.0]]"
/home/kane/code/GF4/week2/Dataset_mode/images/IMG_6253.JPG,/home/kane/code/GF4/week2/Dataset_mode/images/IMG_6320.JPG,847,741,847,95,28,0.29473684210526313,103.38341545564894,17.68926400887632,0.30883803668478177,0.12200468148426127,0.8742050307754328,"[[-5.277366530686547e-07, 6.174095626020609e-07, -0.0015247020351037172], [1.207445232037739e-06, 2.7283106892889757e-07, 0.004686677961299877], [0.0013737033372780703, -0.0057831739400416495, 1.0]]"
/home/kane/code/GF4/week2/Dataset_mode/images/IMG_6256.JPG,/home/kane/code/GF4/week2/Dataset_mode/images/IMG_6259.JPG,469,860,469,105,60,0.5714285714285714,38.99947958209356,0.661876180750144,0.3537776521077674,0.35082990111480483,0.8741742453963779,"[[1.0289779714230593e-07, -8.967959654785614e-08, -0.0010421484006011888], [-3.6843662531793466e-06, 1.1175193605670121e-06, 0.03947052445537264], [0.0033911341790127812, -0.03728863743390187, 1.0]]"
/home/kane/code/GF4/week2/Dataset_mode/images/IMG_6256.JPG,/home/kane/code/GF4/week2/Dataset_mode/images/IMG_6262.JPG,469,643,469,76,38,0.5,71.64311071965496,0.9726543820331011,0.2859481167614658,0.19952048586259408,0.9511558004668705,"[[-2.1281887591455634e-07, 2.0721273502899427e-06, -0.0005073813574878804], [7.478869274626454e-07, 5.4595031324459875e-08, -0.009328091212707116], [-0.0008916315392928928, 0.006617577164603927, 0.9999999999999999]]"
/home/kane/code/GF4/week2/Dataset_mode/images/IMG_6256.JPG,/home/kane/code/GF4/week2/Dataset_mode/images/IMG_6265.JPG,469,857,469,35,11,0.3142857142857143,191.96885951186576,50.66159763471532,0.1778711938122059,3.329242694608956e-13,0.7651231135868661,"[[-1.170146445893065e-06, 1.3543348048554465e-05, -0.01152994914663576], [-1.3249944464639209e-05, -1.8418088795549273e-06, 0.0008178231826638538], [0.012242456398693568, -0.00037222639665232635, 1.0]]"
/home/kane/code/GF4/week2/Dataset_mode/images/IMG_6256.JPG,/home/kane/code/GF4/week2/Dataset_mode/images/IMG_6268.JPG,469,884,469,26,9,0.34615384615384615,90.09007503914803,28.25059456656636,0.1139178397027969,3.078631346654797e-13,0.9998989722682046,"[[-6.061280045939761e-07, 5.610678050440527e-07, 0.0008495527203810017], [4.1750857128514095e-06, -5.970666713072999e-07, -0.0025018635860236736], [-0.0024167295815201023, -9.15690560663886e-05, 1.0]]"
/home/kane/code/GF4/week2/Dataset_mode/images/IMG_6256.JPG,/home/kane/code/GF4/week2/Dataset_mode/images/IMG_6271.JPG,469,898,469,26,10,0.38461538461538464,122.2756748335919,43.348089280916696,0.020582008406172712,5.957429204430698e-13,0.20582008405723218,"[[-1.3733746421756494e-06, 4.878748432550258e-06, -0.001805661017326229], [-3.557246078655392e-06, 2.559684915477358e-06, 0.0008300783822756879], [0.003498555417817006, -0.005841161510454087, 1.0]]"
/home/kane/code/GF4/week2/Dataset_mode/images/IMG_6256.JPG,/home/kane/code/GF4/week2/Dataset_mode/images/IMG_6280.JPG,469,817,469,22,9,0.4090909090909091,91.18175747273924,7.422342913845506,0.1551807283159444,1.161862705164615e-12,0.7040547983566746,"[[1.2733775698174493e-06, 1.4111701597878075e-07, -0.0010317844803063943], [2.649256158141688e-07, 7.562659672258461e-08, -0.00023020802404967645], [-0.0012174447299527422, -0.0001752056499819205, 1.0]]"
/home/kane/code/GF4/week2/Dataset_mode/images/IMG_6256.JPG,/home/kane/code/GF4/week2/Dataset_mode/images/IMG_6283.JPG,469,822,469,25,10,0.4,108.06802693695128,64.21808403701657,0.04571870081629155,1.198251591204927e-12,0.44854685527910965,"[[-4.5394779613933185e-07, 9.8374945946362e-07, -0.00037131648276027697], [1.141961800282789e-06, 2.362327079422924e-07, -0.0008289344883796981], [-0.0005522508350506965, -0.0010355115011684837, 1.0]]"
/home/kane/code/GF4/week2/Dataset_mode/images/IMG_6256.JPG,/home/kane/code/GF4/week2/Dataset_mode/images/IMG_6286.JPG,469,843,469,17,8,0.47058823529411764,177.03858993036485,39.36077232722057,0.01882011120926192,1.3345103536837285e-13,0.15056088967172168,"[[1.0683010997114186e-06, 1.3949970581724401e-06, -0.0022172215144998903], [-6.26730867772133e-07, -4.3140315988618613e-07, 0.000873076917456732], [7.425624467237824e-05, -0.000947338623072144, 0.9999999999999999]]"
/home/kane/code/GF4/week2/Dataset_mode/images/IMG_6256.JPG,/home/kane/code/GF4/week2/Dataset_mode/images/IMG_6289.JPG,469,1298,469,17,9,0.5294117647058824,107.13413605877923,0.4125647277423824,0.04584052530512209,4.542154596483953e-13,0.4125647277423824,"[[1.615975272866403e-06, -8.468981804604661e-07, -0.0003528891379278146], [2.224011457720144e-07, 1.2301778362475108e-06, -0.0010974905015615523], [-0.001472138893987502, -9.965003569930649e-05, 1.0]]"
/home/kane/code/GF4/week2/Dataset_mode/images/IMG_6256.JPG,/home/kane/code/GF4/week2/Dataset_mode/images/IMG_6292.JPG,469,1400,469,25,9,0.36,159.3640007198255,54.842071177518044,0.007835173647240228,1.3248784032745936e-12,0.07051656281596858,"[[-8.666985510041307e-07, 3.951947777599013e-07, 0.0003334799516677972], [4.549278838861547e-06, -1.539983288219002e-06, -0.002221884710719217], [-0.0017614068923842866, 0.00043788489015559717, 1.0]]"
/home/kane/code/GF4/week2/Dataset_mode/images/IMG_6256.JPG,/home/kane/code/GF4/week2/Dataset_mode/images/IMG_6295.JPG,469,898,469,18,9,0.5,71.080007754451,4.94189330506435,0.07541670493871903,5.262959106055914e-12,0.5915020736228062,"[[-1.134380332391382e-06, -4.906957396067298e-07, 0.0011550673640131155], [2.7756368259293203e-06, 1.5555496658229978e-06, -0.0031408219849650668], [-0.0008282110944850426, -0.0005350318822067785, 1.0]]"
/home/kane/code/GF4/week2/Dataset_mode/images/IMG_6256.JPG,/home/kane/code/GF4/week2/Dataset_mode/images/IMG_6298.JPG,469,678,469,17,10,0.5882352941176471,60.67175526074564,0.04901363473064775,0.09883802018151669,5.337423761461959e-13,0.9393665670796191,"[[8.935551706450667e-07, -1.3618218373299515e-07, -0.0005603987496270809], [3.8833529184938554e-07, 5.585669947443807e-07, -0.0008537189267233445], [-0.001006620438096936, -0.00021985743873160902, 1.0]]"
/home/kane/code/GF4/week2/Dataset_mode/images/IMG_6256.JPG,/home/kane/code/GF4/week2/Dataset_mode/images/IMG_6301.JPG,469,692,469,18,10,0.5555555555555556,76.5282574847376,0.46710495313851474,0.0991930902038536,8.025473082512329e-13,0.8252116725738227,"[[1.1262167138970634e-06, 2.881755345878997e-06, -0.002910146763153105], [-4.665717202317078e-06, 2.06333516159785e-06, 0.0020994041808868194], [0.001929941149317404, -0.003480957022142215, 1.0]]"
/home/kane/code/GF4/week2/Dataset_mode/images/IMG_6256.JPG,/home/kane/code/GF4/week2/Dataset_mode/images/IMG_6304.JPG,469,1111,469,14,10,0.7142857142857143,80.61614573709497,2.0878241606231912e-13,1.2813446516878483e-13,0.0,4.462149874385718e-13,"[[-2.649921958493708e-07, 5.29649581700744e-07, -0.0004638620249348278], [1.7855636404785013e-06, 4.1077456983607506e-07, -0.0017118302178209077], [-0.00035487241707878823, -0.0006244291244041033, 1.0]]"
/home/kane/code/GF4/week2/Dataset_mode/images/IMG_6256.JPG,/home/kane/code/GF4/week2/Dataset_mode/images/IMG_6310.JPG,469,1277,469,21,10,0.47619047619047616,47.98550393302505,5.910197498025449,0.05994217197349603,3.730197786905979e-13,0.2541513735091367,"[[1.5032852588438404e-06, -5.00405691174701e-07, -0.0005207994065162312], [1.7600149383979872e-06, 4.4202747684416125e-08, -0.0011668125038428933], [-0.0021169701373959225, 0.0004031575309678527, 1.0]]"
/home/kane/code/GF4/week2/Dataset_mode/images/IMG_6256.JPG,/home/kane/code/GF4/week2/Dataset_mode/images/IMG_6313.JPG,469,1098,469,17,8,0.47058823529411764,90.0782715679604,47.577218935718804,0.0168717116410827,9.414697096128192e-13,0.13497369312194252,"[[-2.3178943324424258e-07, 1.2128569722009779e-06, -0.000803547835342298], [2.2382773320931602e-07, 2.9525634548506315e-07, -0.0004992054792847511], [4.33535739362268e-05, -0.0012040310000835132, 1.0]]"
/home/kane/code/GF4/week2/Dataset_mode/images/IMG_6256.JPG,/home/kane/code/GF4/week2/Dataset_mode/images/IMG_6316.JPG,469,922,469,19,9,0.47368421052631576,164.18023978317342,38.51732180335015,0.019622820027723954,2.410903994307835e-12,0.15240382159123317,"[[-3.819944289898385e-08, 3.640540560497482e-08, 6.116058845224462e-06], [1.488703842944536e-06, 4.609106816760059e-07, -0.0015390259219801642], [-0.0009946550777623477, -0.00026708531266883296, 1.0]]"
/home/kane/code/GF4/week2/Dataset_mode/images/IMG_6256.JPG,/home/kane/code/GF4/week2/Dataset_mode/images/IMG_6320.JPG,469,741,469,61,27,0.4426229508196721,46.71664862708832,1.7633052472607438,0.39089484588226436,0.39706377464872245,0.8647788907538416,"[[-1.6556699809375382e-07, -2.0002851516998835e-05, 0.007744188656634966], [2.4462816653258486e-05, 2.560774012460657e-06, 0.0022217888298997276], [-0.006802027482919072, -0.004878974105687971, 1.0]]"
/home/kane/code/GF4/week2/Dataset_mode/images/IMG_6259.JPG,/home/kane/code/GF4/week2/Dataset_mode/images/IMG_6262.JPG,860,643,860,167,76,0.4550898203592814,39.3853583094789,1.2520190946499916,0.40958647976253515,0.3823151277524597,0.9565882910199398,"[[-2.9607312177181655e-07, 5.733004646977749e-07, 0.0017306154208119157], [1.3975726938452535e-06, 4.641739014740183e-07, -0.013592281703752452], [-0.0022107537923823422, 0.011250575049506186, 1.0]]"
/home/kane/code/GF4/week2/Dataset_mode/images/IMG_6259.JPG,/home/kane/code/GF4/week2/Dataset_mode/images/IMG_6265.JPG,860,857,860,111,27,0.24324324324324326,88.13686020383743,12.56404248626949,0.38057025038810355,0.29978711366056304,0.8929118980601581,"[[-4.27091128220668e-08, 2.8939356450704645e-07, -9.087930482174657e-06], [1.1210718692268857e-06, 2.3164694813626416e-07, -0.005282207856987781], [-0.0008301162424350852, 0.003956434586855244, 1.0]]"
/home/kane/code/GF4/week2/Dataset_mode/images/IMG_6259.JPG,/home/kane/code/GF4/week2/Dataset_mode/images/IMG_6268.JPG,860,884,860,88,17,0.19318181818181818,80.55032949065068,6.517338806531089,0.2980012261904628,0.11155033684988994,0.8890013034976345,"[[-1.210587896066613e-08, 1.2176515662384631e-06, -0.0006367718260458705], [2.1355918883922744e-07, 2.7398217480214456e-07, -0.008297823161521523], [-0.00018359802511978677, 0.006596402730073649, 1.0]]"
/home/kane/code/GF4/week2/Dataset_mode/images/IMG_6259.JPG,/home/kane/code/GF4/week2/Dataset_mode/images/IMG_6271.JPG,860,898,860,64,15,0.234375,123.81999471161804,69.79356221640364,0.04087386898921412,2.4473229713808625e-12,0.2317535393611255,"[[1.1823697189672828e-06, 2.267556372929575e-07, -0.0009895404229320645], [3.298735004150669e-07, -7.601579092607294e-08, -0.000151109799766906], [-0.0012811862447281357, -0.00016519097053667247, 1.0]]"
/home/kane/code/GF4/week2/Dataset_mode/images/IMG_6259.JPG,/home/kane/code/GF4/week2/Dataset_mode/images/IMG_6280.JPG,860,817,860,64,13,0.203125,143.1259030710085,37.83214621156439,0.13464436247220046,1.8717408366158788e-12,0.6341833465056136,"[[1.0131366760057564e-06, 8.686272764926982e-07, -0.0015132672927784952], [-3.461349536621316e-07, 5.757117442308202e-08, 0.00025183287533639534], [-0.0005079570599861835, -0.0007579320815147144, 1.0]]"
/home/kane/code/GF4/week2/Dataset_mode/images/IMG_6259.JPG,/home/kane/code/GF4/week2/Dataset_mode/images/IMG_6283.JPG,860,822,860,44,10,0.22727272727272727,162.52358479166304,119.23699555408601,0.1225615186314986,1.7256375447567631e-12,0.5536081821848005,"[[1.182544794320597e-06, -2.4610199777249913e-07, -0.0007615814833460775], [6.234762846170825e-07, 4.524606972578277e-08, -0.0005504922195714557], [-0.0014207923623274993, 0.00019584729649347178, 1.0]]"
/home/kane/code/GF4/week2/Dataset_mode/images/IMG_6259.JPG,/home/kane/code/GF4/week2/Dataset_mode/images/IMG_6286.JPG,860,843,860,38,13,0.34210526315789475,65.36499286189947,48.589445100263575,0.024791908537182664,2.0151445169956915e-12,0.08507661141156829,"[[2.1703628290577077e-06, -2.391984631094042e-07, -0.0013320058244897211], [-6.589057270065458e-07, 1.0468730175317436e-07, 0.0003733280175921966], [-0.0016085363995401918, 0.00016406167148901428, 1.0]]"
/home/kane/code/GF4/week2/Dataset_mode/images/IMG_6259.JPG,/home/kane/code/GF4/week2/Dataset_mode/images/IMG_6289.JPG,860,1298,860,62,11,0.1774193548387097,169.75141537729232,68.04965396591615,0.08109774890197691,1.3974605390374901e-12,0.6364560720731512,"[[4.0774915266096955e-06, -1.4044038518415077e-06, -0.0024868480143408543], [-2.9008879402262153e-06, 6.199178405339983e-07, 0.001904823975871716], [-0.0017572928211916823, 0.0008059966828041531, 1.0]]"
/home/kane/code/GF4/week2/Dataset_mode/images/IMG_6259.JPG,/home/kane/code/GF4/week2/Dataset_mode/images/IMG_6292.JPG,860,1400,860,62,11,0.1774193548387097,169.5797061681064,109.54596049281787,0.04395093613442451,7.2423492846928585e-12,0.3602903531655648,"[[5.537251095706754e-07, 2.761611751101745e-07, -0.0006487546192638379], [5.096784334180846e-07, 1.9823127617276872e-07, -0.0005382279521883516], [-0.0008755723750414774, -0.0004121375545521881, 0.9999999999999999]]"
/home/kane/code/GF4/week2/Dataset_mode/images/IMG_6259.JPG,/home/kane/code/GF4/week2/Dataset_mode/images/IMG_6295.JPG,860,898,860,51,11,0.21568627450980393,105.3737357402363,82.46640451231679,0.04022770186801293,1.4740319003229934e-12,0.43538451074221185,"[[-4.617798476750952e-07, 1.2706889484324445e-06, -0.0008685272045321614], [3.1292211608817986e-07, -1.7385487207774418e-07, -5.451924758253381e-05], [0.00015944541748050885, -0.0011869242993059258, 1.0]]"
/home/kane/code/GF4/week2/Dataset_mode/images/IMG_6259.JPG,/home/kane/code/GF4/week2/Dataset_mode/images/IMG_6298.JPG,860,678,860,47,11,0.23404255319148937,123.7211667497646,59.7605760785812,0.17916426253498166,8.377036655826738e-13,0.8962309912127155,"[[1.070296826612438e-06, -2.2958107267361763e-07, -0.0005681579525402217], [1.1151187423755066e-06, -1.9971763917943102e-07, -0.0006157587109385811], [-0.001861859163552969, 0.00038005820691547663, 1.0]]"
/home/kane/code/GF4/week2/Dataset_mode/images/IMG_6259.JPG,/home/kane/code/GF4/week2/Dataset_mode/images/IMG_6301.JPG,860,692,860,55,10,0.18181818181818182,225.1521646388546,142.41477736469167,0.021741878879711515,3.232412903860744e-13,0.14928836344257376,"[[4.052055039503622e-06, 1.0899283205372726e-05, -0.011331077728181933], [2.2446319530380502e-06, -3.430613460503602e-05, 0.025095032455902902], [-0.008068530893596427, 0.006026413040626042, 1.0]]"
/home/kane/code/GF4/week2/Dataset_mode/images/IMG_6259.JPG,/home/kane/code/GF4/week2/Dataset_mode/images/IMG_6304.JPG,860,1111,860,42,13,0.30952380952380953,180.47066677493345,85.09163457831309,0.12439658541264283,5.356776435887852e-13,0.8279594770597563,"[[3.042053022161808e-07, -1.308022446455488e-06, 0.0005744246613090852], [2.998416986503861e-06, -2.174417066586751e-07, -0.0017070684063422697], [-0.002160048816152295, 0.0005518608988759469, 1.0]]"
/home/kane/code/GF4/week2/Dataset_mode/images/IMG_6259.JPG,/home/kane/code/GF4/week2/Dataset_mode/images/IMG_6310.JPG,860,1277,860,46,12,0.2608695652173913,45.58743132842986,22.49849487996048,0.10119574450619856,1.5822366977244759e-12,0.6327058290218049,"[[1.5390202975831195e-06, -6.279370087375735e-08, -0.0009111347014610613], [7.074132262426106e-07, 7.808995699291225e-09, -0.00044006108711934196], [-0.0016446661794231208, 2.1695343266386678e-05, 1.0]]"
/home/kane/code/GF4/week2/Dataset_mode/images/IMG_6259.JPG,/home/kane/code/GF4/week2/Dataset_mode/images/IMG_6313.JPG,860,1098,860,42,10,0.23809523809523808,123.50010533891513,34.354356609714756,0.03715395365344026,1.833919130015574e-12,0.17493673111889652,"[[2.5824336869312573e-06, -1.0961844090898321e-07, -0.001475276746794723], [-7.339268967942033e-07, 2.3429884703366633e-07, 0.00032003015774469254], [-0.0015412132782145378, -0.00017928174502816182, 1.0]]"
/home/kane/code/GF4/week2/Dataset_mode/images/IMG_6259.JPG,/home/kane/code/GF4/week2/Dataset_mode/images/IMG_6316.JPG,860,922,860,64,13,0.203125,100.75980239405641,54.20436936530145,0.16564367988698658,4.565903619712085e-13,0.7856311631369938,"[[-7.668349542504579e-07, 1.6909003594861828e-06, -0.0006777356689893993], [1.249910820563194e-06, -5.655813467207962e-07, -0.0005150351804393671], [-0.0002743497710162643, -0.0010753789142332831, 1.0]]"
/home/kane/code/GF4/week2/Dataset_mode/images/IMG_6259.JPG,/home/kane/code/GF4/week2/Dataset_mode/images/IMG_6320.JPG,860,741,860,88,29,0.32954545454545453,100.65031146212726,13.921688071269884,0.2749670956564332,0.056304425655006096,0.9206100957530388,"[[-2.856417694594836e-07, -3.4520972747936483e-06, -0.0015874599205505048], [5.902192743666909e-06, 1.3735442823558205e-06, 0.020923841331865964], [0.0013677270540590437, -0.022349758571529536, 1.0]]"
/home/kane/code/GF4/week2/Dataset_mode/images/IMG_6262.JPG,/home/kane/code/GF4/week2/Dataset_mode/images/IMG_6265.JPG,643,857,643,127,56,0.4409448818897638,62.6791529217492,1.445212992537235,0.34234147002561877,0.2988159128061475,0.9926146132860661,"[[7.702512425862079e-08, 3.576846638841069e-07, -0.0007883924683301739], [7.54095437219029e-07, 1.0445735777633151e-07, -0.007159077697386107], [-0.00021528935705185913, 0.006308893982078566, 1.0]]"
/home/kane/code/GF4/week2/Dataset_mode/images/IMG_6262.JPG,/home/kane/code/GF4/week2/Dataset_mode/images/IMG_6268.JPG,643,884,643,93,30,0.3225806451612903,43.02963411488509,2.8010979379746948,0.3935175381390707,0.3528078019312443,0.878507666229484,"[[1.0731831817844521e-07, 1.086753171388894e-06, -0.0010924505792567858], [4.619221214858923e-07, 2.0428859876145695e-07, -0.005156244735707624], [-5.7318819527677e-05, 0.0035227841614145776, 1.0]]"
/home/kane/code/GF4/week2/Dataset_mode/images/IMG_6262.JPG,/home/kane/code/GF4/week2/Dataset_mode/images/IMG_6271.JPG,643,898,643,88,33,0.375,76.49311234787645,2.9054554250709486,0.2682352492428357,0.11098433158417759,0.9877795961401372,"[[-3.588162453918422e-08, 1.726170597094731e-06, -0.0010346343378003827], [-1.4142156707377945e-06, -2.3883785047228216e-08, -0.0007299553027827622], [0.0008131502931614179, -0.0009724043989131034, 1.0]]"
/home/kane/code/GF4/week2/Dataset_mode/images/IMG_6262.JPG,/home/kane/code/GF4/week2/Dataset_mode/images/IMG_6280.JPG,643,817,643,96,36,0.375,41.5077198977893,2.1555141642398192,0.36766446305340705,0.3575509663682472,0.9769704796773743,"[[8.410069824041136e-08, 1.416497789256434e-06, -0.0019138509522756734], [-6.40399568535268e-08, -2.430640595378168e-08, -0.00959987474859225], [0.000548321552827621, 0.007950181774274409, 1.0]]"
/home/kane/code/GF4/week2/Dataset_mode/images/IMG_6262.JPG,/home/kane/code/GF4/week2/Dataset_mode/images/IMG_6283.JPG,643,822,643,44,11,0.25,85.5436963907455,18.122362696618367,0.0970359468058013,2.6343560654769078e-12,0.4507981853566209,"[[1.3279420930419516e-06, 5.07431457997823e-07, -0.0014866788570644305], [-8.799430426904205e-08, -3.3534577213963646e-07, 0.00033567882491575176], [-0.0010798814540982891, -0.00014679722836312246, 1.0]]"
/home/kane/code/GF4/week2/Dataset_mode/images/IMG_6262.JPG,/home/kane/code/GF4/week2/Dataset_mode/images/IMG_6286.JPG,643,843,643,36,11,0.3055555555555556,120.3069288844748,73.04891660941891,0.2734324176977012,2.1185058375446274e-12,0.9343326292479724,"[[1.0039914435004582e-06, 2.534397590729752e-07, -0.0009946519473152584], [5.701333109815505e-08, 9.922263376887845e-08, -0.0001305558475285149], [-0.0009784051514277498, -0.0002821353793909641, 1.0]]"
/home/kane/code/GF4/week2/Dataset_mode/images/IMG_6262.JPG,/home/kane/code/GF4/week2/Dataset_mode/images/IMG_6289.JPG,643,1298,643,39,12,0.3076923076923077,152.80921686125407,38.615373475469866,0.05825811822933069,3.2866467720035204e-13,0.3495487093742643,"[[7.751472818148484e-06, -4.94173204460839e-06, -0.0025156146966138788], [-5.495094821349942e-08, -5.437463514641692e-06, 0.005254797511395954], [-0.008079552042153675, 0.006845930349634536, 1.0]]"
/home/kane/code/GF4/week2/Dataset_mode/images/IMG_6262.JPG,/home/kane/code/GF4/week2/Dataset_mode/images/IMG_6292.JPG,643,1400,643,40,12,0.3,146.42984700230468,50.76570368593794,0.20458139456900226,4.341903997566636e-13,0.9788607175823253,"[[3.3866509158226063e-06, -8.356889286942604e-07, -0.0022703333476454916], [-2.394861342813694e-06, 1.0703412179309526e-06, 0.001794614050047762], [-0.0016420387136559808, 0.00014976174709690785, 1.0]]"
/home/kane/code/GF4/week2/Dataset_mode/images/IMG_6262.JPG,/home/kane/code/GF4/week2/Dataset_mode/images/IMG_6295.JPG,643,898,643,19,10,0.5263157894736842,83.75589124044653,0.16821832910860574,0.024255855610597572,5.10442177696622e-13,0.16821832910860574,"[[3.122099247849557e-07, 1.2163378257991718e-06, -0.0009372205123443483], [-5.9314771019052294e-08, 2.661068320552628e-07, -8.273265199675434e-05], [-0.0002704244772980995, -0.001412375172107913, 0.9999999999999999]]"
/home/kane/code/GF4/week2/Dataset_mode/images/IMG_6262.JPG,/home/kane/code/GF4/week2/Dataset_mode/images/IMG_6298.JPG,643,678,643,28,11,0.39285714285714285,136.66716647166362,29.85839773145121,0.08172531938735238,3.2677099222767657e-13,0.8428842845491804,"[[1.1086730658952106e-06, 4.4791318246858243e-07, -0.0014774968286568495], [9.085754294929732e-07, -7.712009400293005e-07, 9.290409438841798e-05], [-0.001308703984918268, 0.00012091113089529736, 1.0]]"
/home/kane/code/GF4/week2/Dataset_mode/images/IMG_6262.JPG,/home/kane/code/GF4/week2/Dataset_mode/images/IMG_6301.JPG,643,692,643,30,11,0.36666666666666664,70.69391218609985,26.051902943336064,0.13513112214415735,1.3991190649912033e-12,0.8849584666765858,"[[1.3794332867816407e-05, -2.8124752678617035e-05, 0.007904138458581764], [-7.0160952520150795e-06, 3.4414438178349825e-05, -0.01444470503519215], [-0.008966207768327463, 0.006440947206664434, 1.0]]"
/home/kane/code/GF4/week2/Dataset_mode/images/IMG_6262.JPG,/home/kane/code/GF4/week2/Dataset_mode/images/IMG_6304.JPG,643,1111,643,28,10,0.35714285714285715,179.56111232293537,85.45375823697529,0.04419320910602063,4.4006871028525564e-13,0.22096604552831237,"[[-3.0158308002960163e-06, 2.679299477686721e-06, 0.0008338340624381364], [3.7014908790273965e-06, -5.325022872206046e-07, -0.0029226381505478003], [0.0007523079155820571, -0.002421275278670176, 1.0]]"
/home/kane/code/GF4/week2/Dataset_mode/images/IMG_6262.JPG,/home/kane/code/GF4/week2/Dataset_mode/images/IMG_6310.JPG,643,1277,643,34,10,0.29411764705882354,102.32842936193074,47.20066389883628,0.06690162597555946,4.870498986347042e-13,0.644115733892869,"[[2.585895874866413e-06, -1.2688102872957225e-06, -0.0010137498758663235], [-1.4226886257811287e-07, 1.6714354775612413e-08, -0.0001411438427531278], [-0.0021275287103202415, 0.0010886463900195056, 1.0]]"
/home/kane/code/GF4/week2/Dataset_mode/images/IMG_6262.JPG,/home/kane/code/GF4/week2/Dataset_mode/images/IMG_6313.JPG,643,1098,643,37,11,0.2972972972972973,80.50824878856481,39.602592369715175,0.08905453162636169,3.605818786420885e-12,0.799629036280144,"[[3.953175613997984e-07, 5.874811052645883e-07, -0.0007213776006552234], [4.713580350157284e-07, 2.1071894701827539e-07, -0.000568863917032649], [-0.0006409261131542836, -0.0006673609559919686, 1.0]]"
/home/kane/code/GF4/week2/Dataset_mode/images/IMG_6262.JPG,/home/kane/code/GF4/week2/Dataset_mode/images/IMG_6316.JPG,643,922,643,41,9,0.21951219512195122,147.22070847448262,124.95978264755642,0.002877127161944691,3.102112527927086e-12,0.022969609256398512,"[[1.3914525693829833e-06, 6.924732150858356e-07, -0.0017025563943282869], [-9.563421563953303e-07, 4.0976206151132234e-07, 0.0005532494016128179], [-0.0002980520191538034, -0.001060436324679425, 1.0]]"
/home/kane/code/GF4/week2/Dataset_mode/images/IMG_6262.JPG,/home/kane/code/GF4/week2/Dataset_mode/images/IMG_6320.JPG,643,741,643,42,17,0.40476190476190477,63.80472172231153,2.5164627109910143,0.29458938554623637,0.2981438355844252,0.8775272084510393,"[[-6.26339133314229e-09, 5.4487776464209504e-08, -3.2807668370665656e-05], [2.2634503373455163e-06, 3.3902113467363605e-07, 0.002560845003979989], [-0.0009106040481812631, -0.004511295327275859, 1.0]]"
/home/kane/code/GF4/week2/Dataset_mode/images/IMG_6265.JPG,/home/kane/code/GF4/week2/Dataset_mode/images/IMG_6268.JPG,857,884,857,305,208,0.6819672131147541,13.21705399729224,0.614752552524116,0.382123405276837,0.3186422869828307,0.9486001134221941,"[[8.720155323065578e-07, 3.168547564471106e-05, -0.03159072325579023], [-2.595220485372659e-05, -1.5407535496965202e-06, -0.08664364939782206], [0.025822723953776508, 0.07966040836981829, 1.0]]"
/home/kane/code/GF4/week2/Dataset_mode/images/IMG_6265.JPG,/home/kane/code/GF4/week2/Dataset_mode/images/IMG_6271.JPG,857,898,857,111,54,0.4864864864864865,47.855816159368274,0.9827249671424527,0.29114837727176524,0.26657512922923887,0.8545836948395963,"[[2.0681063299632865e-07, 1.6982586754437377e-06, -0.0026144156623341187], [-5.868481442462519e-07, -1.9673889998217412e-07, -0.008080634738598241], [0.0016036748130261232, 0.0068247311803750375, 1.0]]"
/home/kane/code/GF4/week2/Dataset_mode/images/IMG_6265.JPG,/home/kane/code/GF4/week2/Dataset_mode/images/IMG_6280.JPG,857,817,857,148,44,0.2972972972972973,50.797992717484696,2.522815525383667,0.3717934522223054,0.31630086049886885,0.9235812420306663,"[[2.4503883193582136e-06, 4.590460576047242e-05, -0.04950368277732915], [-2.7534760519559923e-05, -1.4892666244665237e-05, -0.12963764580831835], [0.030639656802797927, 0.12119514891490846, 1.0]]"
/home/kane/code/GF4/week2/Dataset_mode/images/IMG_6265.JPG,/home/kane/code/GF4/week2/Dataset_mode/images/IMG_6283.JPG,857,822,857,78,14,0.1794871794871795,153.15292382112426,61.16821912974703,0.10466292624369378,3.5967697828076977e-12,0.6502372565741744,"[[1.28289351301212e-06, 5.049378716647659e-05, -0.03227502333180379], [-4.713101406765733e-05, -2.018572926692716e-06, 0.010456224021571012], [0.026061767149046285, -0.009576760016520379, 1.0]]"
/home/kane/code/GF4/week2/Dataset_mode/images/IMG_6265.JPG,/home/kane/code/GF4/week2/Dataset_mode/images/IMG_6286.JPG,857,843,857,56,11,0.19642857142857142,190.30632262568537,107.06598519887345,0.03911836171839664,2.427168615804725e-12,0.33138451551209924,"[[2.289761293434538e-06, -1.0403147371399066e-06, -0.0007835405333395303], [-5.741357673662451e-07, -1.0332302774214458e-06, 0.0015796698478316646], [-0.002641354632462488, 0.001110103744710061, 1.0]]"
/home/kane/code/GF4/week2/Dataset_mode/images/IMG_6265.JPG,/home/kane/code/GF4/week2/Dataset_mode/images/IMG_6289.JPG,857,1298,857,59,12,0.2033898305084746,118.07333701380708,90.44822407186686,0.1280156587482467,1.612470471654433e-12,0.49182623164190326,"[[-1.3919072319573605e-07, 1.2613508418566552e-06, -0.0006107779560837171], [2.48185586195422e-08, 1.4490148324868303e-06, -0.0007375478493846781], [0.00011296345870664997, -0.002020985300669168, 1.0]]"
/home/kane/code/GF4/week2/Dataset_mode/images/IMG_6265.JPG,/home/kane/code/GF4/week2/Dataset_mode/images/IMG_6292.JPG,857,1400,857,51,11,0.21568627450980393,188.58652387544723,116.29182972820821,0.03629418719937927,3.9606078247556787e-13,0.2877217970719721,"[[6.487832059143638e-07, 1.4241623482059715e-09, -0.0005484228306205716], [1.1435988829006117e-06, 7.329174384685347e-08, -0.0010804685357456913], [-0.0011096030001736589, -4.103354268514176e-05, 1.0]]"
/home/kane/code/GF4/week2/Dataset_mode/images/IMG_6265.JPG,/home/kane/code/GF4/week2/Dataset_mode/images/IMG_6295.JPG,857,898,857,42,12,0.2857142857142857,149.4905193401941,43.13459452796534,0.058994250291016286,2.2928382391109285e-12,0.25029256718782245,"[[1.251690831344647e-06, 2.9142723092740915e-08, -0.00111961070242537], [-4.5852043294709685e-08, -3.618563004901701e-07, 0.00023380528060894013], [-0.001263808881016142, 0.00021469834249495347, 1.0]]"
/home/kane/code/GF4/week2/Dataset_mode/images/IMG_6265.JPG,/home/kane/code/GF4/week2/Dataset_mode/images/IMG_6298.JPG,857,678,857,42,12,0.2857142857142857,127.83876332068346,103.22721178116012,0.11526136405702114,2.0241596194204676e-12,0.6085851814950105,"[[1.6583727054752002e-06, -1.1092104864858309e-07, -0.0015458641110009787], [-5.08485090609242e-08, -6.769393584118462e-07, 0.0004806850195801716], [-0.001394648408074248, 0.0005643874441858794, 1.0]]"
/home/kane/code/GF4/week2/Dataset_mode/images/IMG_6265.JPG,/home/kane/code/GF4/week2/Dataset_mode/images/IMG_6301.JPG,857,692,857,47,12,0.2553191489361702,130.71200778495395,70.72490295189156,0.07575122217974266,7.437438068892781e-13,0.6657880331642251,"[[1.0780846071939145e-06, 1.625845571713354e-07, -0.0008551119319030622], [2.6652174540045697e-07, 1.0216877540365396e-07, -0.00022164370456248474], [-0.0012655663811405769, -0.00016776075931282942, 0.9999999999999999]]"
/home/kane/code/GF4/week2/Dataset_mode/images/IMG_6265.JPG,/home/kane/code/GF4/week2/Dataset_mode/images/IMG_6304.JPG,857,1111,857,44,12,0.2727272727272727,101.78103498555288,63.050010986723805,0.04367995774938521,1.23055480907256e-13,0.5241594929909418,"[[5.917848813820723e-07, -5.347830580181727e-07, -0.0002827381705628711], [6.473623458785397e-07, 7.832142791410898e-07, -0.00141948177252759], [-0.0008061109410570828, -2.930490828879438e-05, 1.0]]"
/home/kane/code/GF4/week2/Dataset_mode/images/IMG_6265.JPG,/home/kane/code/GF4/week2/Dataset_mode/images/IMG_6310.JPG,857,1277,857,46,12,0.2608695652173913,93.91248199247484,51.42094234856426,0.059391112201896724,6.8982342331621774e-12,0.29023121370632804,"[[1.056176264192117e-06, 1.1857428767133304e-07, -0.0010212633977710343], [2.377024704908391e-07, 5.344370622663903e-08, -0.0002558301591311869], [-0.001023920573529553, -0.00012517407571696254, 1.0]]"
/home/kane/code/GF4/week2/Dataset_mode/images/IMG_6265.JPG,/home/kane/code/GF4/week2/Dataset_mode/images/IMG_6313.JPG,857,1098,857,54,11,0.2037037037037037,125.31406274284664,67.14624219848255,0.1434762651958802,8.183503673973047e-13,0.8328584659812017,"[[1.0804232500421387e-05, -3.4047297445248298e-06, -0.006211499153260699], [-3.7088095609769423e-06, 3.7406177414553316e-07, 0.004400573220407206], [-0.004872650324633808, 0.002166605580193282, 1.0]]"
/home/kane/code/GF4/week2/Dataset_mode/images/IMG_6265.JPG,/home/kane/code/GF4/week2/Dataset_mode/images/IMG_6316.JPG,857,922,857,67,14,0.208955223880597,112.71851714843974,84.95662818115255,0.22403874280642158,1.2118078336116772e-12,0.9285221130293743,"[[-7.83911047793442e-05, 2.895336224275902e-05, 0.05342158087899202], [3.0066876115388228e-05, 3.604700712689461e-05, -0.06627834675810367], [0.036627267342748675, -0.04026174576670316, 1.0]]"
/home/kane/code/GF4/week2/Dataset_mode/images/IMG_6265.JPG,/home/kane/code/GF4/week2/Dataset_mode/images/IMG_6320.JPG,857,741,857,49,12,0.24489795918367346,117.44443451756057,37.54867422091685,0.2179684339570663,2.002920698357745e-13,0.8436105008091933,"[[1.9294818028927335e-06, -1.6666959995039374e-06, -0.0018618936174885938], [-4.079241300088395e-07, 3.345426114339504e-07, 0.0004880230828011001], [-0.00046416128731480594, 0.0002966865661211846, 0.9999999999999999]]"
/home/kane/code/GF4/week2/Dataset_mode/images/IMG_6268.JPG,/home/kane/code/GF4/week2/Dataset_mode/images/IMG_6271.JPG,884,898,884,180,80,0.4444444444444444,28.331384649581448,1.2013755878783339,0.43417490923998675,0.4209624527884017,0.9661652261860001,"[[1.1415843104535954e-07, 1.0329535089054685e-06, -0.0024373203605396517], [-4.487159588228077e-07, -5.611439351823705e-08, -0.008679134893192471], [0.0018590936297978409, 0.00789854516459396, 1.0]]"
/home/kane/code/GF4/week2/Dataset_mode/images/IMG_6268.JPG,/home/kane/code/GF4/week2/Dataset_mode/images/IMG_6280.JPG,884,817,884,209,74,0.35406698564593303,28.29337768213988,1.3754169703301105,0.4152778066435144,0.44140087778511383,0.9183558825098072,"[[-4.204669169733988e-07, 2.956751910421216e-05, -0.038861886477696714], [-2.9736350562422422e-05, -3.409454236338464e-06, -0.1373436741130072], [0.034594894166390305, 0.13133696937460673, 1.0]]"
/home/kane/code/GF4/week2/Dataset_mode/images/IMG_6268.JPG,/home/kane/code/GF4/week2/Dataset_mode/images/IMG_6283.JPG,884,822,884,83,21,0.25301204819277107,61.60301992633404,14.970783730823038,0.23024590985322488,1.324666864685204e-13,0.8491744568317718,"[[-1.6288855475572162e-08, 1.5073845961401217e-06, -0.0011621654556621076], [-2.3221328083123996e-07, -1.500009477373704e-08, -0.004862354204044847], [0.0001353501038386488, 0.0033782301496355647, 1.0]]"
/home/kane/code/GF4/week2/Dataset_mode/images/IMG_6268.JPG,/home/kane/code/GF4/week2/Dataset_mode/images/IMG_6286.JPG,884,843,884,55,17,0.3090909090909091,97.83662640348862,7.2434509895649555,0.14509582985958525,1.53340569813848e-13,0.8193190266189195,"[[2.396116859419357e-08, 1.2629206064672283e-06, -0.0007115015624464646], [2.9174927357150685e-07, 1.7811594615255235e-07, -0.003266073739454028], [-0.00012986337945661234, 0.0011986715372858544, 1.0]]"
/home/kane/code/GF4/week2/Dataset_mode/images/IMG_6268.JPG,/home/kane/code/GF4/week2/Dataset_mode/images/IMG_6289.JPG,884,1298,884,57,13,0.22807017543859648,110.80245696053551,44.176102610391496,0.017972227604857068,1.4141618351216182e-12,0.10071816550093785,"[[5.535803742867345e-07, 1.7911701965081588e-06, -0.0015010524573328817], [-6.927000367806065e-07, 2.0603880172496375e-07, 0.0005501601314541267], [-9.923931746124447e-05, -0.0016679564484039016, 1.0]]"
/home/kane/code/GF4/week2/Dataset_mode/images/IMG_6268.JPG,/home/kane/code/GF4/week2/Dataset_mode/images/IMG_6292.JPG,884,1400,884,55,11,0.2,195.99570809205895,98.04751418354464,0.07850672032283586,2.1948211564420495e-12,0.473330661241696,"[[8.22662989367637e-07, 4.4504044928421646e-07, -0.0010730657664123856], [-5.708357237931014e-09, 4.04478701523541e-07, -0.00018145146222361527], [-0.0006934483695366101, -0.000581145604802484, 1.0]]"
/home/kane/code/GF4/week2/Dataset_mode/images/IMG_6268.JPG,/home/kane/code/GF4/week2/Dataset_mode/images/IMG_6295.JPG,884,898,884,43,11,0.2558139534883721,111.95948016989692,50.54405899127931,0.12043487637561277,1.8117042266799366e-12,0.5065126853525725,"[[1.0801158127702981e-06, 4.95354182403055e-07, -0.0015479694384207], [-6.286684730777454e-07, 1.3124898540174067e-07, 0.0005935188183444769], [-0.0005279901629661047, -0.0005741688357502952, 1.0]]"
/home/kane/code/GF4/week2/Dataset_mode/images/IMG_6268.JPG,/home/kane/code/GF4/week2/Dataset_mode/images/IMG_6298.JPG,884,678,884,35,11,0.3142857142857143,106.37553147048939,59.827095252150855,0.08270533438439741,6.142286396072185e-13,0.7298926297804291,"[[3.63617234736958e-07, 1.164497714351054e-06, -0.0010873386266850365], [1.4781061373660466e-06, -1.4206778926469636e-06, -0.00023581514913493184], [-0.001191313121086125, -4.627266641276771e-05, 1.0]]"
/home/kane/code/GF4/week2/Dataset_mode/images/IMG_6268.JPG,/home/kane/code/GF4/week2/Dataset_mode/images/IMG_6301.JPG,884,692,884,30,9,0.3,106.74607711464871,71.63782219951523,0.1904849934368214,7.803369117168753e-13,0.9544909480298421,"[[5.813795110800473e-07, -8.919168595502163e-06, 0.004766322638274574], [5.130343758081335e-06, 2.2500217702546503e-06, -0.00626836453270634], [-0.004867572932556918, 0.0061526196354625435, 1.0]]"
/home/kane/code/GF4/week2/Dataset_mode/images/IMG_6268.JPG,/home/kane/code/GF4/week2/Dataset_mode/images/IMG_6304.JPG,884,1111,884,42,11,0.2619047619047619,165.94129680593554,73.4980186809527,0.07430293821499047,9.625158391412292e-13,0.5820368770821425,"[[-8.978306079212083e-07, -2.427008479568592e-06, 0.0021416275615487065], [8.184517528501848e-06, -5.03781037663727e-06, -0.0041770597138520655], [-0.0037935167233751764, 0.003991861129748093, 1.0]]"
/home/kane/code/GF4/week2/Dataset_mode/images/IMG_6268.JPG,/home/kane/code/GF4/week2/Dataset_mode/images/IMG_6310.JPG,884,1277,884,47,12,0.2553191489361702,140.16376641610353,74.56329190405316,0.00439737469660807,5.455258298308816e-13,0.03812605002250713,"[[-3.868335573400381e-06, 6.133795246702972e-06, -0.0006971586174302805], [6.08739859144485e-06, -6.2954738189770625e-06, -0.0007357923526725469], [-0.0001203358645738027, -0.0016804388568221183, 1.0]]"
/home/kane/code/GF4/week2/Dataset_mode/images/IMG_6268.JPG,/home/kane/code/GF4/week2/Dataset_mode/images/IMG_6313.JPG,884,1098,884,52,12,0.23076923076923078,264.74672122438824,177.21042364670714,0.15640901964346662,5.09431819116626e-13,0.6274213671377913,"[[-3.613893238450543e-07, 2.2750365263440833e-07, 0.0001877095234924688], [3.3142730852708297e-06, -5.938004906239358e-07, -0.00255868094335812], [-0.0013908208514523779, 0.0003806523813208909, 1.0]]"
/home/kane/code/GF4/week2/Dataset_mode/images/IMG_6268.JPG,/home/kane/code/GF4/week2/Dataset_mode/images/IMG_6316.JPG,884,922,884,51,11,0.21568627450980393,71.24968780117419,34.40366453990807,0.039224421340311795,2.060083431812244e-12,0.32619717046502067,"[[2.3248990154644683e-06, -9.899269102116342e-07, -0.0010223829361664372], [1.0838469644396849e-06, -4.612172590056341e-07, -0.0004770498358441303], [-0.002374147902632222, 0.001039736980398966, 1.0]]"
/home/kane/code/GF4/week2/Dataset_mode/images/IMG_6268.JPG,/home/kane/code/GF4/week2/Dataset_mode/images/IMG_6320.JPG,884,741,884,57,14,0.24561403508771928,76.6819657100823,38.159782885035966,0.11210372274497317,3.503800273083289e-14,0.8632354473797808,"[[-3.356972868192518e-07, 3.847225020939966e-06, -0.0013201988723458096], [-5.280705296707044e-07, 5.110949236474221e-07, -0.00014086970417909788], [0.00045290758467235806, -0.0029547119518256292, 1.0]]"
/home/kane/code/GF4/week2/Dataset_mode/images/IMG_6271.JPG,/home/kane/code/GF4/week2/Dataset_mode/images/IMG_6280.JPG,898,817,898,355,223,0.6281690140845071,7.568528814399811,0.6301377201396599,0.38655307690622215,0.3513928265047502,0.9386791124951546,"[[6.930952011180792e-08, 7.484682709359872e-06, 0.00014168382731214732], [-7.073199646363761e-06, 1.4741205396197535e-07, 0.01256622403879513], [-0.0008076191202107634, -0.012274850224518607, 1.0]]"
/home/kane/code/GF4/week2/Dataset_mode/images/IMG_6271.JPG,/home/kane/code/GF4/week2/Dataset_mode/images/IMG_6283.JPG,898,822,898,110,28,0.2545454545454545,55.60691511844201,3.647425763255748,0.30271407266992856,0.30286963746314877,0.8495790696021395,"[[-8.377993660378234e-07, 1.4545540862780151e-05, -0.0009179240134567614], [-7.360116963055012e-06, -1.4096705040038334e-06, -0.057774965478325446], [-0.0022899894646872506, 0.04887737551135146, 1.0]]"
/home/kane/code/GF4/week2/Dataset_mode/images/IMG_6271.JPG,/home/kane/code/GF4/week2/Dataset_mode/images/IMG_6286.JPG,898,843,898,84,23,0.27380952380952384,106.13426637746618,6.118263175246547,0.26465416601440955,0.06672767163095059,0.9165331295157513,"[[-1.1456045753133317e-07, 1.824419077155015e-06, -0.0005955851993100484], [6.420131428947582e-07, 6.540584534316462e-07, -0.007714011677336621], [-0.0004941906282583428, 0.004356938979112566, 1.0]]"
/home/kane/code/GF4/week2/Dataset_mode/images/IMG_6271.JPG,/home/kane/code/GF4/week2/Dataset_mode/images/IMG_6289.JPG,898,1298,898,64,12,0.1875,156.61329425347162,118.32413121301428,0.05269272567384192,1.180673049602016e-12,0.1786178800939143,"[[5.976912091904206e-07, 3.345292436612329e-08, -0.0005562910825758745], [1.363124262463884e-06, -6.540329633080337e-07, -0.0006753878512385936], [-0.0014262752124024052, 0.0003232756113639244, 1.0]]"
/home/kane/code/GF4/week2/Dataset_mode/images/IMG_6271.JPG,/home/kane/code/GF4/week2/Dataset_mode/images/IMG_6292.JPG,898,1400,898,50,14,0.28,184.76306643442112,161.6840178767037,0.16912969356728166,3.267970386901464e-12,0.8374306916044678,"[[8.055741366453612e-07, 4.882180703392705e-07, -0.0010455546880186364], [3.070738403963393e-07, 6.145873599697948e-08, -0.0003209602252464823], [-0.0007872152593899354, -0.00044218955014435277, 1.0]]"
/home/kane/code/GF4/week2/Dataset_mode/images/IMG_6271.JPG,/home/kane/code/GF4/week2/Dataset_mode/images/IMG_6295.JPG,898,898,898,51,10,0.19607843137254902,198.395124009019,172.23169575319994,0.15429376693881913,6.966724384886418e-13,0.8615501550358521,"[[1.603483000168094e-07, -5.295324005624575e-07, 0.00012116839395829185], [1.9813871407838737e-06, -2.2627093309527204e-07, -0.0018420402579687953], [-0.0014825934023738514, 0.0008849999879682318, 1.0]]"
/home/kane/code/GF4/week2/Dataset_mode/images/IMG_6271.JPG,/home/kane/code/GF4/week2/Dataset_mode/images/IMG_6298.JPG,898,678,898,38,13,0.34210526315789475,110.14372837134253,63.76082457053611,0.007253809986886142,1.8688679341628916e-12,0.05555830877344841,"[[1.7491641729206724e-07, 6.283865239580143e-07, -0.0005771471773044584], [1.7142513614124206e-07, 5.538909229524068e-07, -0.0005538059346906772], [-0.0003051685031282167, -0.0010600419572624577, 1.0]]"
/home/kane/code/GF4/week2/Dataset_mode/images/IMG_6271.JPG,/home/kane/code/GF4/week2/Dataset_mode/images/IMG_6301.JPG,898,692,898,30,13,0.43333333333333335,72.30579874386802,32.771236812726,0.05711120860315804,1.5301854286621212e-12,0.21854689722853096,"[[9.245490625244394e-07, -4.982107841993347e-07, -0.0005498486052898338], [9.413017163629896e-07, -7.31949429651188e-08, -0.0007870977053731956], [-0.0014600085008270125, 0.0005352436758055634, 1.0]]"
/home/kane/code/GF4/week2/Dataset_mode/images/IMG_6271.JPG,/home/kane/code/GF4/week2/Dataset_mode/images/IMG_6304.JPG,898,1111,898,39,12,0.3076923076923077,96.97283881752394,34.36666100554024,0.08207237266200508,6.604469156056736e-13,0.42689687491512773,"[[8.17893804458026e-07, -9.481263789364739e-07, -0.00013268617214832643], [1.6165352205202703e-06, 8.276512181540637e-08, -0.0015751625294778493], [-0.0016622629353234722, 0.0008384929247442375, 1.0]]"
/home/kane/code/GF4/week2/Dataset_mode/images/IMG_6271.JPG,/home/kane/code/GF4/week2/Dataset_mode/images/IMG_6310.JPG,898,1277,898,45,12,0.26666666666666666,191.0658965304281,90.9950572015271,0.1326354602129805,4.286153014138075e-12,0.8637416435660441,"[[-0.00012852027851572022, 2.4571098650527514e-05, 0.09430879566077267], [0.0002030277143517875, -4.275827842401342e-05, -0.13990621148123422], [-0.008317252960827057, 0.0038067952811920644, 0.9999999999999999]]"
/home/kane/code/GF4/week2/Dataset_mode/images/IMG_6271.JPG,/home/kane/code/GF4/week2/Dataset_mode/images/IMG_6313.JPG,898,1098,898,61,13,0.21311475409836064,108.87683135276617,69.24878005862327,0.19349240133731566,1.8846823153647907e-11,0.9663536293756677,"[[-0.0004655988131972879, 0.0004137939321238551, 0.14564531108058681], [0.0005002575775201196, -0.0002889509644628562, -0.2575252999422857], [0.12256907366139744, -0.1695349391035952, 1.0]]"
/home/kane/code/GF4/week2/Dataset_mode/images/IMG_6271.JPG,/home/kane/code/GF4/week2/Dataset_mode/images/IMG_6316.JPG,898,922,898,49,11,0.22448979591836735,113.66626272788503,50.35761399588143,0.17945443935707214,1.4985368295886324e-12,0.7726360322179882,"[[7.353624649892751e-08, 9.705341020885392e-07, -0.0006825913323590299], [9.990165253952948e-07, -1.957959947599498e-07, -0.0007204218560124316], [-0.000751023876514676, -0.0005699929338726082, 1.0]]"
/home/kane/code/GF4/week2/Dataset_mode/images/IMG_6271.JPG,/home/kane/code/GF4/week2/Dataset_mode/images/IMG_6320.JPG,898,741,898,48,12,0.25,93.80667726743782,53.776570836809384,0.07982208625686915,2.283868964260553e-12,0.5155356578934086,"[[7.590930881177718e-07, -9.281999543926055e-08, -0.0006283105763425781], [8.994415426789916e-07, -1.1175184254895086e-07, -0.0007033906425246737], [-0.001252864012307882, 0.00015479177323957848, 1.0]]"
/home/kane/code/GF4/week2/Dataset_mode/images/IMG_6280.JPG,/home/kane/code/GF4/week2/Dataset_mode/images/IMG_6283.JPG,817,822,817,114,51,0.4473684210526316,51.20185307938241,1.4687862720215188,0.3254145457080513,0.27299468151973677,0.9472300983853575,"[[-7.421262858237327e-08, 1.3935707372869438e-06, 3.789475321285861e-05], [6.191137934484624e-07, 1.0046729474597119e-07, -0.015120780388646452], [-0.0007190990792531623, 0.013002073656408979, 0.9999999999999999]]"
/home/kane/code/GF4/week2/Dataset_mode/images/IMG_6280.JPG,/home/kane/code/GF4/week2/Dataset_mode/images/IMG_6286.JPG,817,843,817,77,35,0.45454545454545453,94.87384181986184,1.7926430683758774,0.2810694293996871,0.16518893443468619,0.8116068999175062,"[[-2.6695539844529457e-08, 1.3997494522824808e-06, -0.0004959640347967288], [7.064269098449885e-07, 9.401307960180348e-08, -0.007587368317999754], [-0.00037586182212418065, 0.005394993734723783, 1.0]]"
/home/kane/code/GF4/week2/Dataset_mode/images/IMG_6280.JPG,/home/kane/code/GF4/week2/Dataset_mode/images/IMG_6289.JPG,817,1298,817,56,11,0.19642857142857142,110.32229822793845,73.02088314512727,0.005024605214488496,7.507910645156194e-13,0.028880119604302305,"[[1.3372085109946763e-06, 3.333116960768004e-07, -0.0010478791695471648], [2.2918250382165115e-07, -1.999913272456076e-07, -8.364534956739023e-05], [-0.0013761736511378002, -0.00013289808380109538, 0.9999999999999999]]"
/home/kane/code/GF4/week2/Dataset_mode/images/IMG_6280.JPG,/home/kane/code/GF4/week2/Dataset_mode/images/IMG_6292.JPG,817,1400,817,43,10,0.23255813953488372,196.45695957291855,165.89627258691561,0.08313388023975447,4.125929227636633e-12,0.701878719217401,"[[8.059120605403735e-07, -1.013280833965444e-07, -0.0006018129820495703], [1.0019947960461011e-06, -3.0075848780530923e-07, -0.0006416495916481337], [-0.0014979482726080661, 0.0003827949396133599, 1.0]]"
/home/kane/code/GF4/week2/Dataset_mode/images/IMG_6280.JPG,/home/kane/code/GF4/week2/Dataset_mode/images/IMG_6295.JPG,817,898,817,41,11,0.2682926829268293,90.78804250450737,47.58202008363028,0.1720723242068956,3.7605858621692257e-13,0.8619314444515727,"[[1.0562683481231322e-08, 6.93143131741397e-07, -0.0005239350954694827], [9.039030734331044e-07, -7.449677844562436e-08, -0.0006206657096232684], [-0.0006730805114903605, -0.0006669448449985031, 1.0]]"
/home/kane/code/GF4/week2/Dataset_mode/images/IMG_6280.JPG,/home/kane/code/GF4/week2/Dataset_mode/images/IMG_6298.JPG,817,678,817,33,9,0.2727272727272727,155.0523632607488,146.8984266054397,0.04708933823047294,8.398038490010022e-13,0.317891916659752,"[[6.888973077153185e-06, -1.8578315497095752e-06, -0.004383415792919126], [-5.55000106283343e-06, -2.3162833608950012e-06, 0.006118242787228823], [-0.003961610456484433, 0.003309999383662829, 0.9999999999999999]]"
/home/kane/code/GF4/week2/Dataset_mode/images/IMG_6280.JPG,/home/kane/code/GF4/week2/Dataset_mode/images/IMG_6301.JPG,817,692,817,35,10,0.2857142857142857,167.3707718919276,117.75569914122791,0.05924543328291941,5.069145216080184e-13,0.4639514270464593,"[[2.497453530521077e-06, -1.500643617005645e-06, -0.0008246004813834524], [1.0092940740544718e-06, -7.61082069919133e-07, -0.00020111667936369645], [-0.0031402014707007566, 0.0019299420253417838, 1.0]]"
/home/kane/code/GF4/week2/Dataset_mode/images/IMG_6280.JPG,/home/kane/code/GF4/week2/Dataset_mode/images/IMG_6304.JPG,817,1111,817,29,11,0.3793103448275862,164.84609345409723,77.88470408143661,0.1524379328714297,1.2781250936749813e-12,0.8320835243447597,"[[3.6284042477018884e-07, 2.201759657210703e-08, -0.000307873682863401], [2.615892683193815e-06, -5.92201016518319e-07, -0.001670642839493949], [-0.001532770201875436, 0.00031814205827418256, 1.0]]"
/home/kane/code/GF4/week2/Dataset_mode/images/IMG_6280.JPG,/home/kane/code/GF4/week2/Dataset_mode/images/IMG_6310.JPG,817,1277,817,43,13,0.3023255813953488,133.24746188080402,34.88772719733144,0.016152630113807846,9.088705876118194e-12,0.08398733869084567,"[[5.912733903576579e-07, 1.1094207183655029e-06, -0.0009467274704870127], [2.640718335919357e-07, 4.781188471413562e-07, -0.00041284679979744265], [-0.0006229626015091405, -0.0011732887724535926, 1.0]]"
/home/kane/code/GF4/week2/Dataset_mode/images/IMG_6280.JPG,/home/kane/code/GF4/week2/Dataset_mode/images/IMG_6313.JPG,817,1098,817,43,9,0.20930232558139536,121.27482365673481,34.461988323099284,0.03568238154569767,5.305142057235349e-13,0.22195120823968018,"[[1.5424001152401478e-06, 6.182412038786547e-07, -0.0016630032770927517], [-6.816361834964449e-07, 4.574651859565129e-08, 0.0005419872982568916], [-0.0007874859526797204, -0.0005651705089107807, 1.0]]"
/home/kane/code/GF4/week2/Dataset_mode/images/IMG_6280.JPG,/home/kane/code/GF4/week2/Dataset_mode/images/IMG_6316.JPG,817,922,817,55,14,0.2545454545454545,100.71683010854778,56.62155407088473,0.10901231988728169,8.20906687296317e-10,0.840791376049972,"[[1.615679999309954e-06, -1.2345935539288792e-06, -0.0009827190259003873], [8.54853577807379e-07, -9.479335472970039e-07, -0.0004074857061319175], [-0.0017821283180396688, 0.0015817873941153205, 1.0]]"
/home/kane/code/GF4/week2/Dataset_mode/images/IMG_6280.JPG,/home/kane/code/GF4/week2/Dataset_mode/images/IMG_6320.JPG,817,741,817,43,11,0.2558139534883721,81.18877206645364,43.10084068820912,0.0705150760257906,6.876502533256769e-12,0.7734099095127215,"[[1.1493938560080402e-06, 4.224697143613077e-07, -0.0011905471912537018], [1.868955994354784e-07, 1.2085481101795893e-07, -0.00022732414451105156], [-0.0009396944656959791, -0.0003866117765335426, 1.0]]"
/home/kane/code/GF4/week2/Dataset_mode/images/IMG_6283.JPG,/home/kane/code/GF4/week2/Dataset_mode/images/IMG_6286.JPG,822,843,822,78,26,0.3333333333333333,68.89610078792862,2.736686401005569,0.35295221122055476,0.3358737803248167,0.8945212209586785,"[[3.55617448666385e-09, 1.9500042794615626e-06, -0.0009092281031945192], [3.155017793085806e-07, 7.301540748849993e-08, -0.011715402186220976], [-0.00012823860912004444, 0.009405090373338245, 1.0]]"
/home/kane/code/GF4/week2/Dataset_mode/images/IMG_6283.JPG,/home/kane/code/GF4/week2/Dataset_mode/images/IMG_6289.JPG,822,1298,822,52,13,0.25,153.58419850247623,108.15258840022764,0.15094611210431907,3.558732107777975e-13,0.8313118507055172,"[[9.558729560806921e-07, 7.764026687670859e-07, -0.0007934785421292202], [1.4341437470158807e-06, -5.355959357519607e-07, -0.0006083130608675748], [-0.00177618224160972, -5.6968114960791226e-05, 1.0]]"
/home/kane/code/GF4/week2/Dataset_mode/images/IMG_6283.JPG,/home/kane/code/GF4/week2/Dataset_mode/images/IMG_6292.JPG,822,1400,822,26,9,0.34615384615384615,136.0675152471526,65.31318174799267,0.07433746900868411,2.5746736313240483e-12,0.6439541218392211,"[[5.16613693451424e-07, -2.817473663223372e-07, -0.0002113233152373361], [1.2142796448814217e-06, 3.494468865610338e-07, -0.001358568180231496], [-0.0012067384157815977, 6.371910722749903e-05, 1.0]]"
/home/kane/code/GF4/week2/Dataset_mode/images/IMG_6283.JPG,/home/kane/code/GF4/week2/Dataset_mode/images/IMG_6295.JPG,822,898,822,24,8,0.3333333333333333,74.4344788016161,20.608925264609642,0.049211640509461294,1.4794653139118248e-13,0.3936931240741949,"[[2.3170131511924336e-06, -6.422197779504986e-06, 0.0010053294616087542], [6.1850534983894335e-06, -4.057650343624708e-06, -0.002998087524082942], [-0.00641996212031162, 0.00907589362866427, 1.0]]"
/home/kane/code/GF4/week2/Dataset_mode/images/IMG_6283.JPG,/home/kane/code/GF4/week2/Dataset_mode/images/IMG_6298.JPG,822,678,822,19,9,0.47368421052631576,111.29315140413459,3.370852668797306,0.08334686863815191,1.3183780494953962e-12,0.5323506755644434,"[[-3.505840781838269e-08, -6.886266006521526e-07, 0.0004107743558531785], [1.7248346505712165e-06, -1.481081153918782e-08, -0.0014746020172874508], [-0.001535575640820783, 0.00057908742903531, 1.0]]"
/home/kane/code/GF4/week2/Dataset_mode/images/IMG_6283.JPG,/home/kane/code/GF4/week2/Dataset_mode/images/IMG_6301.JPG,822,692,822,22,10,0.45454545454545453,145.63189530499847,70.59004197948946,0.041257979833882664,8.578437664779942e-13,0.2062898991657913,"[[-2.5869304873506466e-06, 1.6814806896041826e-05, -0.006225668941488695], [-8.633578617307412e-06, 4.872143205872527e-07, 0.0068919127294935585], [0.007344603742235204, -0.014212713293232053, 1.0]]"
/home/kane/code/GF4/week2/Dataset_mode/images/IMG_6283.JPG,/home/kane/code/GF4/week2/Dataset_mode/images/IMG_6304.JPG,822,1111,822,18,9,0.5,144.69634223972338,1.6410437958650035,0.05660634515935465,9.430046495211908e-13,0.5094571064229558,"[[1.9208029892225177e-06, -6.335211595737083e-07, -0.0012944479061599353], [-3.0875117001079634e-08, -5.290029124224311e-08, 6.215856305947975e-05], [-0.0016151948412889744, 0.0006677290678660545, 1.0]]"
/home/kane/code/GF4/week2/Dataset_mode/images/IMG_6283.JPG,/home/kane/code/GF4/week2/Dataset_mode/images/IMG_6310.JPG,822,1277,822,29,11,0.3793103448275862,116.02064731664163,24.08911554160944,0.07315227717361988,5.420054037737121e-13,0.613468485689411,"[[-3.1662560738267968e-06, 3.860955691370656e-06, -0.0007694406552827255], [-3.511456370791619e-06, 3.2599695951374972e-06, 9.523265550619744e-05], [0.004068618530939142, -0.0049734487257416865, 1.0]]"
/home/kane/code/GF4/week2/Dataset_mode/images/IMG_6283.JPG,/home/kane/code/GF4/week2/Dataset_mode/images/IMG_6313.JPG,822,1098,822,32,12,0.375,71.61920075836346,8.771121278632048,0.1545376027639098,2.5190354507101963e-12,0.5593696523571703,"[[1.0185680732933222e-06, -6.644747795393755e-08, -0.000732778969678498], [9.532805527085643e-07, 2.656047666487943e-08, -0.0008676384522891521], [-0.0012659598933405219, 3.902808876338143e-05, 1.0]]"
/home/kane/code/GF4/week2/Dataset_mode/images/IMG_6283.JPG,/home/kane/code/GF4/week2/Dataset_mode/images/IMG_6316.JPG,822,922,822,33,10,0.30303030303030304,64.55876635416818,57.24582300783302,0.080579631011819,4.638069388088568e-12,0.6593057644651752,"[[3.9393826578782455e-07, 7.499420394883455e-07, -0.0008868551859898257], [2.2713785205667357e-07, 2.440103900993051e-07, -0.0003847407736668757], [-0.0004607325769767466, -0.0008217044371656814, 0.9999999999999999]]"
/home/kane/code/GF4/week2/Dataset_mode/images/IMG_6283.JPG,/home/kane/code/GF4/week2/Dataset_mode/images/IMG_6320.JPG,822,741,822,30,10,0.3333333333333333,139.5442320748779,89.42527544552424,0.13411174273984422,7.840626931415332e-13,0.7796479744243237,"[[1.2388080887994744e-06, -4.380933529724998e-07, -0.0009815813323610304], [2.2261359604629044e-08, -4.259587581572935e-07, 0.00013964308156016152], [-0.001289797618810922, 0.0005145613962551016, 1.0]]"
/home/kane/code/GF4/week2/Dataset_mode/images/IMG_6286.JPG,/home/kane/code/GF4/week2/Dataset_mode/images/IMG_6289.JPG,843,1298,843,94,18,0.19148936170212766,98.41811996043775,31.554065152301547,0.24644971470538918,0.19885546380219773,0.7886374496247139,"[[-4.887564647831056e-08, -8.363191017164507e-08, -0.00024069737921968292], [9.4802000706918e-07, 8.71757118096959e-09, 0.005897115595798075], [-0.000661080480831135, -0.006720716579040606, 1.0]]"
/home/kane/code/GF4/week2/Dataset_mode/images/IMG_6286.JPG,/home/kane/code/GF4/week2/Dataset_mode/images/IMG_6292.JPG,843,1400,843,41,11,0.2682926829268293,130.15447997325657,91.83912324739525,0.07401178899382833,5.825269612903227e-13,0.44386940916369383,"[[3.6640816221498857e-07, 2.700645561943494e-07, -0.00044815771560386254], [6.231067148509423e-07, 5.256680847207938e-07, -0.0007979537608802248], [-0.0008504035007941906, -0.000552403734570136, 1.0]]"
/home/kane/code/GF4/week2/Dataset_mode/images/IMG_6286.JPG,/home/kane/code/GF4/week2/Dataset_mode/images/IMG_6295.JPG,843,898,843,31,10,0.3225806451612903,125.00007581266611,143.11096991268576,0.036515701262101914,6.319284590092686e-13,0.31395966627826566,"[[1.0939019218143823e-06, -1.8933270790748934e-06, 5.961254109904457e-05], [1.7771415441663639e-06, 2.9473832009939663e-08, -0.0014841348164715555], [-0.0021766878089432462, 0.001570229016305012, 1.0]]"
/home/kane/code/GF4/week2/Dataset_mode/images/IMG_6286.JPG,/home/kane/code/GF4/week2/Dataset_mode/images/IMG_6298.JPG,843,678,843,18,8,0.4444444444444444,59.01162356424935,28.899495438543948,0.0079307131879474,2.6411478151631813e-13,0.06344570550014637,"[[-9.084826825242294e-08, 1.52032573907094e-06, -0.00069290081628203], [1.232106807320728e-06, -6.752777712610537e-07, -0.0006721905603746497], [-0.0007236652571849376, -0.0008020416529381275, 1.0]]"
/home/kane/code/GF4/week2/Dataset_mode/images/IMG_6286.JPG,/home/kane/code/GF4/week2/Dataset_mode/images/IMG_6301.JPG,843,692,843,29,11,0.3793103448275862,160.01230791289328,79.50320910026946,0.07320988650349605,6.723073893137431e-13,0.8053087515309483,"[[1.4612029288053402e-06, -2.9630400639587133e-07, -0.0013132436978750427], [1.5875651305495327e-06, -2.3311341455284004e-06, 0.0004520361324954797], [-0.0032302214640783774, 0.00269020581760323, 1.0]]"
/home/kane/code/GF4/week2/Dataset_mode/images/IMG_6286.JPG,/home/kane/code/GF4/week2/Dataset_mode/images/IMG_6304.JPG,843,1111,843,35,11,0.3142857142857143,135.76562852718885,40.04585830079455,0.1296126019979654,2.4725111000074997e-12,0.8573150821671501,"[[6.626592335606316e-07, 1.4273570535023627e-07, -0.0006802269806170627], [8.345892204735261e-07, -5.5740311670514766e-08, -0.0006501230254921765], [-0.001081564899913569, -0.00010729857318353461, 1.0]]"
/home/kane/code/GF4/week2/Dataset_mode/images/IMG_6286.JPG,/home/kane/code/GF4/week2/Dataset_mode/images/IMG_6310.JPG,843,1277,843,35,12,0.34285714285714286,50.725380762051735,3.9392758858553325,0.0782271947833004,4.232385686385932e-12,0.71244391799787,"[[1.5930399378100868e-06, -5.42522631688558e-07, -0.0010353789986365053], [4.699063877659895e-07, -1.660882974760055e-07, -0.0003136894206817348], [-0.001529355844174707, 0.000525233488587958, 1.0]]"
/home/kane/code/GF4/week2/Dataset_mode/images/IMG_6286.JPG,/home/kane/code/GF4/week2/Dataset_mode/images/IMG_6313.JPG,843,1098,843,34,12,0.35294117647058826,69.1254161639256,5.399707776924436,0.21953370628654298,6.67372743601047e-13,0.7812398631665368,"[[-5.835291773813249e-07, 4.398972147717417e-07, -1.7721446539106735e-05], [1.4356265929998067e-06, -8.107218195964313e-08, -0.0011809133052658885], [-0.0007023947722017839, -0.0003055546603510482, 1.0]]"
/home/kane/code/GF4/week2/Dataset_mode/images/IMG_6286.JPG,/home/kane/code/GF4/week2/Dataset_mode/images/IMG_6316.JPG,843,922,843,25,9,0.36,119.87124319651697,48.1532818944549,0.05871727246090787,2.6118594859434543e-12,0.5040160348694177,"[[4.76646633659883e-07, -1.423252748513685e-07, -0.0003906014653427423], [1.96773230850334e-06, -8.209219717738497e-07, -0.0011168719591905666], [-0.0015571422131509412, 0.0005949278239168693, 0.9999999999999999]]"
/home/kane/code/GF4/week2/Dataset_mode/images/IMG_6286.JPG,/home/kane/code/GF4/week2/Dataset_mode/images/IMG_6320.JPG,843,741,843,24,14,0.5833333333333334,168.09512584503088,4.393240026824098e-12,0.013627924423589403,3.5878490395762643e-12,0.19079094189501686,"[[3.476139554292196e-07, -1.2820147721523426e-07, -0.00016081069188938625], [1.513583156786779e-06, -4.7252981785634526e-07, -0.000846102771225261], [-0.001759612717385085, 0.0005397273577644694, 1.0]]"
/home/kane/code/GF4/week2/Dataset_mode/images/IMG_6289.JPG,/home/kane/code/GF4/week2/Dataset_mode/images/IMG_6292.JPG,1298,1400,1298,211,91,0.4312796208530806,52.96110202176716,1.427438295113902,0.41616687147377734,0.3440645310594488,0.968441856144921,"[[1.5980159264909497e-07, 1.6610650317497175e-06, -0.0022757200932681403], [5.392511306385719e-07, -1.0503408615952053e-07, -0.017735917310344313], [0.0008352445610101612, 0.016003860539148904, 1.0]]"
/home/kane/code/GF4/week2/Dataset_mode/images/IMG_6289.JPG,/home/kane/code/GF4/week2/Dataset_mode/images/IMG_6295.JPG,1298,898,1298,47,11,0.23404255319148937,112.55866131237566,67.1909034079193,0.11070936223560097,4.4834318507969215e-13,0.7121182939801716,"[[1.9816607854711954e-07, 1.1923644609171946e-06, -0.0008250627039320524], [1.8127492637532286e-06, -1.7369035229402003e-06, -0.00025477019092325], [-0.00140641915429278, -4.355107912708473e-05, 1.0]]"
/home/kane/code/GF4/week2/Dataset_mode/images/IMG_6289.JPG,/home/kane/code/GF4/week2/Dataset_mode/images/IMG_6298.JPG,1298,678,1298,35,11,0.3142857142857143,128.29394142599583,41.816923107672864,0.055272254317660315,3.168013170615649e-13,0.4085218624919482,"[[4.4636746771811714e-07, 6.341221240789625e-07, -0.0010274427993062132], [5.442715680280455e-07, -5.356378712261227e-07, 0.00019996979421923572], [-0.0009159187480774774, -0.00030272131682665664, 1.0]]"
/home/kane/code/GF4/week2/Dataset_mode/images/IMG_6289.JPG,/home/kane/code/GF4/week2/Dataset_mode/images/IMG_6301.JPG,1298,692,1298,60,13,0.21666666666666667,170.92158823873177,88.66693543693013,0.16136339773119956,8.439194990489082e-13,0.5420914868460806,"[[7.499296819477337e-07, 6.235646209524512e-07, -0.0011446497171482075], [-1.1739627452002929e-07, 2.065274292838871e-07, 8.311262234602906e-06], [-0.0005994189804375232, -0.0006498516266445762, 0.9999999999999999]]"
/home/kane/code/GF4/week2/Dataset_mode/images/IMG_6289.JPG,/home/kane/code/GF4/week2/Dataset_mode/images/IMG_6304.JPG,1298,1111,1298,62,14,0.22580645161290322,77.53465314859807,26.81620357815033,0.021893567762688554,1.9697477687182703e-13,0.16589720059241742,"[[1.1683914254876818e-06, 6.75958984781858e-08, -0.0021470466227313184], [-1.0671485507463134e-06, -4.359794740976221e-08, 0.0010782872300018212], [-0.00016246156189465223, -2.381470619606821e-05, 1.0]]"
/home/kane/code/GF4/week2/Dataset_mode/images/IMG_6289.JPG,/home/kane/code/GF4/week2/Dataset_mode/images/IMG_6310.JPG,1298,1277,1298,43,11,0.2558139534883721,107.21993537841865,53.246936764133864,0.04834582166632381,9.304209190000318e-13,0.3701753670061385,"[[1.0114302763890274e-07, 9.872387034525853e-07, -0.0006705897162469712], [5.648529719696779e-07, 4.986911211642163e-07, -0.0007917625711662538], [-0.0004259385378670388, -0.0010602767217339, 0.9999999999999999]]"
/home/kane/code/GF4/week2/Dataset_mode/images/IMG_6289.JPG,/home/kane/code/GF4/week2/Dataset_mode/images/IMG_6313.JPG,1298,1098,1298,38,13,0.34210526315789475,128.59764816195417,30.9506325435678,0.17272396743499063,1.8935434468122366e-12,0.8543770370645668,"[[1.088954447980411e-06, 2.6648053445802086e-07, -0.0011035451921642043], [1.0070175373601664e-07, 6.001333224280415e-09, -9.893439043716712e-05], [-0.0009909077848951613, -0.00021745667847455493, 1.0]]"
/home/kane/code/GF4/week2/Dataset_mode/images/IMG_6289.JPG,/home/kane/code/GF4/week2/Dataset_mode/images/IMG_6316.JPG,1298,922,1298,45,11,0.24444444444444444,112.4625181726192,57.191058584620656,0.15759012661811764,2.0637447320803658e-13,0.7439964573128279,"[[4.4658815399301045e-07, -2.4602199696857224e-06, 0.0009970217973221899], [-2.933319774063452e-07, 5.597339427423302e-06, -0.0036279575608934972], [-0.0002693342499545542, -0.0006606293807035864, 1.0]]"
/home/kane/code/GF4/week2/Dataset_mode/images/IMG_6289.JPG,/home/kane/code/GF4/week2/Dataset_mode/images/IMG_6320.JPG,1298,741,1298,48,11,0.22916666666666666,121.80147870018051,86.40719666107029,0.06147885205084953,2.930555973061014e-13,0.6651183732543212,"[[1.6305743852923192e-06, -1.0267804191281039e-06, -0.0007986173338685325], [-3.502421319401717e-07, 9.852893405725566e-07, -0.00038720565156823096], [-0.0011314483542630982, 0.00010226554023437126, 1.0]]"
/home/kane/code/GF4/week2/Dataset_mode/images/IMG_6292.JPG,/home/kane/code/GF4/week2/Dataset_mode/images/IMG_6295.JPG,1400,898,1400,53,14,0.2641509433962264,104.42045758874131,33.74565500116614,0.22183849988345658,1.7096942890097423e-13,0.9862563345238402,"[[3.5688438376303965e-08, 8.703376956509123e-07, -0.000618226257644257], [-3.1794042133917374e-07, 6.339642850297022e-07, -0.003982811345498322], [0.0003608371388722896, 0.002391612239535787, 1.0]]"
/home/kane/code/GF4/week2/Dataset_mode/images/IMG_6292.JPG,/home/kane/code/GF4/week2/Dataset_mode/images/IMG_6298.JPG,1400,678,1400,36,10,0.2777777777777778,178.7321814409495,142.33390659094516,0.17923261476157393,7.770991754844709e-13,0.8605622755578114,"[[3.5640930300934697e-07, 6.45947172729711e-07, -0.0006790996899820648], [3.0749772301001237e-07, -1.482090626674215e-07, -0.0002549854582816004], [-0.0007181523940848107, -0.0005162216003863644, 1.0]]"
/home/kane/code/GF4/week2/Dataset_mode/images/IMG_6292.JPG,/home/kane/code/GF4/week2/Dataset_mode/images/IMG_6301.JPG,1400,692,1400,58,18,0.3103448275862069,165.37941193051398,44.21727576171615,0.17993559814454743,1.3340364084956441e-13,0.8746160221484488,"[[-1.5473703812777598e-07, 6.676172814648786e-07, -0.0004482480562719142], [5.816580947759907e-07, 1.2224832905595847e-08, -0.001024591393854448], [-0.0005219976321104129, -8.589333334362791e-05, 1.0]]"
/home/kane/code/GF4/week2/Dataset_mode/images/IMG_6292.JPG,/home/kane/code/GF4/week2/Dataset_mode/images/IMG_6304.JPG,1400,1111,1400,46,15,0.32608695652173914,165.3896904806591,42.900915345534415,0.1458723800354905,7.111111783257114e-13,0.9757484523344458,"[[2.4067082074392586e-07, 4.6858295422327714e-07, -0.0008701950914035591], [-4.088714942927366e-08, 2.4374068290591076e-07, 7.412444131710459e-05], [-0.00025003120672616874, -0.0009077537834265366, 1.0]]"
/home/kane/code/GF4/week2/Dataset_mode/images/IMG_6292.JPG,/home/kane/code/GF4/week2/Dataset_mode/images/IMG_6310.JPG,1400,1277,1400,43,11,0.2558139534883721,138.1239462706815,59.50305620311231,0.08397334051282196,5.866584418561005e-13,0.6414600971948968,"[[5.739512264219623e-07, 2.7215366792101537e-07, -0.0005491503475655898], [7.038630574457286e-07, 3.44957145181217e-07, -0.0008587172761891893], [-0.0009203553075578416, -0.00044363051604473817, 1.0]]"
/home/kane/code/GF4/week2/Dataset_mode/images/IMG_6292.JPG,/home/kane/code/GF4/week2/Dataset_mode/images/IMG_6313.JPG,1400,1098,1400,36,12,0.3333333333333333,105.80100645712065,43.67797710001757,0.09595399566005858,7.492567166076844e-13,0.6568754756068461,"[[2.9655420517384874e-06, 8.026544617377037e-06, -0.007453990069702261], [-1.2560715845871637e-05, 4.255948572956773e-06, 0.00714481088366993], [0.006896424841162565, -0.010045916452529549, 1.0]]"
/home/kane/code/GF4/week2/Dataset_mode/images/IMG_6292.JPG,/home/kane/code/GF4/week2/Dataset_mode/images/IMG_6316.JPG,1400,922,1400,26,10,0.38461538461538464,143.5518599900027,60.610845274013215,0.08077560740660975,6.865994270472309e-13,0.558478720065507,"[[5.317810495977048e-07, 1.11958271336104e-06, -0.0014601778957474387], [-2.305716703695038e-06, 1.4465409664668333e-06, 0.001008518120795161], [0.00019631089620719715, -0.0014086090082055332, 1.0]]"
/home/kane/code/GF4/week2/Dataset_mode/images/IMG_6292.JPG,/home/kane/code/GF4/week2/Dataset_mode/images/IMG_6320.JPG,1400,741,1400,34,12,0.35294117647058826,133.15821262233692,110.93761358405044,0.027395775750158894,5.892002400041718e-13,0.16437465449751498,"[[4.375766187929644e-07, 6.770949951640299e-07, -0.0009828466582540447], [3.039962998621913e-07, -5.134425939382982e-07, 0.00035296524822464056], [-0.0007085182079387096, -0.0005345860119835532, 0.9999999999999999]]"
/home/kane/code/GF4/week2/Dataset_mode/images/IMG_6295.JPG,/home/kane/code/GF4/week2/Dataset_mode/images/IMG_6298.JPG,898,678,898,70,21,0.3,73.07179879483559,3.5908280150276806,0.2785507004817565,0.250946518631755,0.8222958415316429,"[[-9.548749992886567e-08, 1.4604017205085596e-06, -0.0003343880222487277], [3.2907172886062644e-07, -3.215471652419278e-08, -0.007172645201952017], [-0.0004528646534185479, 0.005372880920845534, 1.0]]"
/home/kane/code/GF4/week2/Dataset_mode/images/IMG_6295.JPG,/home/kane/code/GF4/week2/Dataset_mode/images/IMG_6301.JPG,898,692,898,46,16,0.34782608695652173,303.62789536043925,24.32101674690779,0.13930144739065453,6.217657024149577e-13,0.4296205984874783,"[[6.780977723743069e-07, -2.2074377100813758e-06, 0.0016377374281216816], [3.436656178431946e-06, -6.088842027465535e-07, -0.0009447991808074727], [-0.00336595262391762, 0.0005109521700416165, 1.0]]"
/home/kane/code/GF4/week2/Dataset_mode/images/IMG_6295.JPG,/home/kane/code/GF4/week2/Dataset_mode/images/IMG_6304.JPG,898,1111,898,45,16,0.35555555555555557,154.0823913835564,56.21387150111178,0.13335981078761905,2.5759701521312446e-13,0.5483620071539679,"[[6.08796143889784e-06, -7.146839302506837e-07, -0.010820049643472607], [-1.0343156623459435e-05, 3.6517967873265386e-06, 0.015718626942152175], [0.005174939683692069, -0.009937734885416674, 1.0]]"
/home/kane/code/GF4/week2/Dataset_mode/images/IMG_6295.JPG,/home/kane/code/GF4/week2/Dataset_mode/images/IMG_6310.JPG,898,1277,898,36,12,0.3333333333333333,85.2858639804268,6.657252767006527,0.22013655500322657,2.776491283670614e-12,0.79815618347881,"[[1.5855342789264244e-06, -7.041396021336675e-07, -0.0008966868264955525], [8.0129392959593e-07, -5.133611374911648e-07, -0.0002969633056698916], [-0.0017979552599873831, 0.0008154363870897614, 1.0]]"
/home/kane/code/GF4/week2/Dataset_mode/images/IMG_6295.JPG,/home/kane/code/GF4/week2/Dataset_mode/images/IMG_6313.JPG,898,1098,898,32,9,0.28125,140.33807445062087,81.42225419415594,0.1272032773748202,1.039614816686078e-12,0.8410164977858993,"[[1.0588402592418238e-07, 2.7323993976290657e-06, -0.002857260330200128], [-1.2168866079439066e-06, -5.544470303026485e-07, 0.0020824867897262676], [0.0009517252410012276, -0.0022030316244349805, 1.0]]"
/home/kane/code/GF4/week2/Dataset_mode/images/IMG_6295.JPG,/home/kane/code/GF4/week2/Dataset_mode/images/IMG_6316.JPG,898,922,898,22,9,0.4090909090909091,169.09514778745051,52.07854519365782,0.09018852949711446,1.2163678915107778e-12,0.6203078936271541,"[[-9.028937829432992e-06, 9.482098175479278e-06, 0.001651878093433034], [-4.082760054218509e-06, 7.98636844848059e-06, -0.0015331594097201977], [0.009203631759593949, -0.014019156352291718, 1.0]]"
/home/kane/code/GF4/week2/Dataset_mode/images/IMG_6295.JPG,/home/kane/code/GF4/week2/Dataset_mode/images/IMG_6320.JPG,898,741,898,41,14,0.34146341463414637,92.29666043032859,56.897626221382566,0.0572884416837023,6.417988489878577e-13,0.748468192020105,"[[3.8409485760865295e-06, 5.447926010620949e-06, -0.010669222855498728], [-1.0079150778339505e-05, 3.014426172498618e-07, 0.008807729694228463], [0.005146661411268896, -0.004335801023629566, 1.0]]"
/home/kane/code/GF4/week2/Dataset_mode/images/IMG_6298.JPG,/home/kane/code/GF4/week2/Dataset_mode/images/IMG_6301.JPG,678,692,678,92,29,0.31521739130434784,81.32881710589042,2.6890543154645146,0.30500752287167326,0.2043509236694538,0.8948190487375484,"[[-1.4449560913630778e-07, 2.605649162801917e-06, -0.0008702763166997185], [1.0279855269972963e-06, -4.906858431492146e-07, -0.02027918735489654], [-0.0012897488644896165, 0.01727999773826586, 0.9999999999999999]]"
/home/kane/code/GF4/week2/Dataset_mode/images/IMG_6298.JPG,/home/kane/code/GF4/week2/Dataset_mode/images/IMG_6304.JPG,678,1111,678,60,17,0.2833333333333333,124.07325477279294,5.755844729091774,0.22434337981874428,1.805695488281939e-12,0.8900275405727723,"[[1.892905483023736e-06, -1.114090707303587e-05, 0.0056062261744310215], [1.0273487268103809e-05, 7.543312161440906e-08, -0.010146810704539754], [-0.007709483433906659, 0.009812929450751687, 1.0]]"
/home/kane/code/GF4/week2/Dataset_mode/images/IMG_6298.JPG,/home/kane/code/GF4/week2/Dataset_mode/images/IMG_6310.JPG,678,1277,678,32,13,0.40625,71.85912257772404,10.51896918350262,0.2175211953597524,8.391086746283592e-13,0.9016516471419109,"[[7.455074712480037e-07, 7.526461565483323e-07, -0.0012242479631228349], [-1.1916430772297302e-07, -9.298278104771227e-09, 0.00012287811428021155], [-0.0006382780990941372, -0.0005709651423062476, 1.0]]"
/home/kane/code/GF4/week2/Dataset_mode/images/IMG_6298.JPG,/home/kane/code/GF4/week2/Dataset_mode/images/IMG_6313.JPG,678,1098,678,34,10,0.29411764705882354,114.32824261243441,61.76967768503661,0.028440386644495018,6.14059228690567e-13,0.18769656591301784,"[[2.313058254693602e-06, -1.7008475513118668e-06, -0.0015185685801157767], [-2.5465721829658107e-07, -2.4463455037844953e-07, 0.0006085878003064404], [-0.001738954926506124, 0.0014173018039964006, 1.0]]"
/home/kane/code/GF4/week2/Dataset_mode/images/IMG_6298.JPG,/home/kane/code/GF4/week2/Dataset_mode/images/IMG_6316.JPG,678,922,678,30,10,0.3333333333333333,142.6966808251492,51.18270945037435,0.05122665265061562,1.0359455292729776e-12,0.21406353033371492,"[[-3.854772115957484e-06, 8.202896189866153e-06, -0.0007094967852894394], [-2.6999218380093517e-07, 9.314303634050227e-07, -0.00024742324683962267], [0.0027060001745082803, -0.00666430676885503, 1.0]]"
/home/kane/code/GF4/week2/Dataset_mode/images/IMG_6298.JPG,/home/kane/code/GF4/week2/Dataset_mode/images/IMG_6320.JPG,678,741,678,28,12,0.42857142857142855,62.71262892159767,11.120077192484072,0.05816818678882621,1.4252447995699727e-12,0.5633024194346014,"[[2.812590468487663e-07, 6.380684438505983e-07, -0.000817241264180256], [4.4966381722518974e-07, -4.874766029241597e-08, -0.00039330486769438046], [-0.0006092053407077124, -0.00048069830236407133, 1.0]]"
/home/kane/code/GF4/week2/Dataset_mode/images/IMG_6301.JPG,/home/kane/code/GF4/week2/Dataset_mode/images/IMG_6304.JPG,692,1111,692,183,113,0.6174863387978142,15.007378730685971,0.5043078491795373,0.3089086778344236,0.2558560601405073,0.851231496497223,"[[-2.7139992593377537e-07, 2.4679982715083507e-06, 0.002108829811201959], [3.057796183228255e-06, 3.7505775997830394e-07, -0.05193545003196939], [-0.0028652848088389134, 0.04732375563726782, 1.0]]"
/home/kane/code/GF4/week2/Dataset_mode/images/IMG_6301.JPG,/home/kane/code/GF4/week2/Dataset_mode/images/IMG_6310.JPG,692,1277,692,38,11,0.2894736842105263,80.28791418103444,22.144202967322215,0.1206673755580992,2.1291455092044563e-13,0.6988734203459013,"[[-5.831867167082269e-06, -1.4297818770869463e-06, 0.00425824431550603], [7.521176164709806e-06, -4.258425790317283e-07, -0.0074081747848322105], [0.00021198572013272638, 0.0014196653788797818, 1.0]]"
/home/kane/code/GF4/week2/Dataset_mode/images/IMG_6301.JPG,/home/kane/code/GF4/week2/Dataset_mode/images/IMG_6313.JPG,692,1098,692,31,12,0.3870967741935484,108.51592419832072,26.769331140426992,0.12408960363427103,9.274432334045094e-13,0.5681399548028631,"[[5.746501645977601e-06, -1.258145556803303e-06, -0.0037214809769339947], [-2.5033150252051975e-06, -2.6071031557569297e-07, 0.002683208799435734], [-0.0028230304076349564, 0.0012487994044279819, 1.0]]"
/home/kane/code/GF4/week2/Dataset_mode/images/IMG_6301.JPG,/home/kane/code/GF4/week2/Dataset_mode/images/IMG_6316.JPG,692,922,692,47,12,0.2553191489361702,86.80640360065361,43.712217139944514,0.09506890249205352,2.984164356312169e-12,0.7880683921242365,"[[8.393566971013502e-07, 2.36334679034568e-07, -0.000918192618347949], [3.94827671747933e-07, 1.494621492425061e-07, -0.0004361581557608464], [-0.0009116004340169435, -0.00028172739123138123, 1.0]]"
/home/kane/code/GF4/week2/Dataset_mode/images/IMG_6301.JPG,/home/kane/code/GF4/week2/Dataset_mode/images/IMG_6320.JPG,692,741,692,33,11,0.3333333333333333,96.1493289670675,13.953387281879547,0.11786884633445363,6.464572623480449e-13,0.7519452493222284,"[[0.0035994751028820397, 0.00933159634600577, -14.066819970425927], [-0.011892345411800453, -0.0007625033844332216, 11.03901252251288], [9.80539372596003, -7.09513833098681, 0.9999999999999999]]"
/home/kane/code/GF4/week2/Dataset_mode/images/IMG_6304.JPG,/home/kane/code/GF4/week2/Dataset_mode/images/IMG_6310.JPG,1111,1277,1111,61,13,0.21311475409836064,81.21879032964135,33.349262481958384,0.14546176467482386,1.0461678807134843e-11,0.6910780388790696,"[[1.0282971581856847e-06, 2.444420438934984e-07, -0.0010144706844487093], [3.4526732151483175e-07, -9.50047269653634e-09, -0.00029050403173236144], [-0.0010406409997903376, -0.00019868676710735198, 1.0]]"
/home/kane/code/GF4/week2/Dataset_mode/images/IMG_6304.JPG,/home/kane/code/GF4/week2/Dataset_mode/images/IMG_6313.JPG,1111,1098,1111,26,12,0.46153846153846156,96.41883121338375,22.277057501372994,0.10792947275914262,6.77916785621412e-13,0.6242506920556112,"[[-1.4193709189147385e-07, 1.612087319422009e-06, -0.0005423014399008115], [1.6505527246787878e-06, 3.172488464839e-07, -0.0016728859439060894], [-0.00041446774784462993, -0.0014652166492665221, 0.9999999999999999]]"
/home/kane/code/GF4/week2/Dataset_mode/images/IMG_6304.JPG,/home/kane/code/GF4/week2/Dataset_mode/images/IMG_6316.JPG,1111,922,1111,42,12,0.2857142857142857,122.13131111325984,61.63487471301093,0.1424318882745894,3.743621734895648e-12,0.9169429334428398,"[[2.0455351761166956e-06, 7.562854501223775e-07, -0.0021769527940938157], [-8.590347977470742e-07, -3.163645068955159e-07, 0.0009126806183928057], [-0.0009562962777392842, -0.00033929767010540906, 1.0]]"
/home/kane/code/GF4/week2/Dataset_mode/images/IMG_6304.JPG,/home/kane/code/GF4/week2/Dataset_mode/images/IMG_6320.JPG,1111,741,1111,44,10,0.22727272727272727,118.47587345532226,64.6373475167824,0.13645037892855968,1.0192371960298481e-12,0.834415844310789,"[[6.052492829928619e-07, 9.506904141765189e-07, -0.0011131586471474285], [-5.444496733798601e-07, 7.034955386853413e-07, 1.527239890260084e-05], [-0.00013843857713388493, -0.0013956943466129996, 1.0]]"
/home/kane/code/GF4/week2/Dataset_mode/images/IMG_6310.JPG,/home/kane/code/GF4/week2/Dataset_mode/images/IMG_6313.JPG,1277,1098,1277,89,29,0.3258426966292135,57.01216767589299,2.985349279596671,0.2922080066610909,0.15829518931621692,0.952431387461078,"[[-2.9289403558812605e-05, 0.00020515770741952612, 0.0878228896637911], [0.0004070569722373009, 8.59862602400529e-06, -2.969346504565687], [-0.21515375931615752, 2.5603914262777017, 1.0]]"
/home/kane/code/GF4/week2/Dataset_mode/images/IMG_6310.JPG,/home/kane/code/GF4/week2/Dataset_mode/images/IMG_6316.JPG,1277,922,1277,50,10,0.2,189.71296845811884,147.9568464940891,0.16896345276057212,1.1989472187491715e-12,0.8155688204587234,"[[1.2692025100206474e-05, -8.57869790277962e-06, -0.0016101237055377198], [9.347088549620199e-06, -1.6600581211603832e-05, 0.007634755970099679], [-0.01770796915438311, 0.013422119952644742, 0.9999999999999999]]"
/home/kane/code/GF4/week2/Dataset_mode/images/IMG_6310.JPG,/home/kane/code/GF4/week2/Dataset_mode/images/IMG_6320.JPG,1277,741,1277,37,11,0.2972972972972973,63.44817667274241,41.33502383529051,0.06046940336820552,2.6075308618928983e-12,0.46715963646987557,"[[3.1088076258577664e-06, -7.641187873446448e-08, -0.0025440594962227937], [-8.87819759530903e-07, -7.223922885328224e-07, 0.0012100139576951057], [-0.0017509614554263126, 0.0007093696516384121, 1.0]]"
/home/kane/code/GF4/week2/Dataset_mode/images/IMG_6313.JPG,/home/kane/code/GF4/week2/Dataset_mode/images/IMG_6316.JPG,1098,922,1098,90,25,0.2777777777777778,119.51624841808345,9.632189663636893,0.29301914535963536,0.19226952039438344,0.9545195706540196,"[[-4.3528651076409097e-07, 2.4037258267684785e-06, 0.0012057329874165233], [2.186608696454023e-06, 3.530504850199762e-08, -0.01630318031903486], [-0.0015574709233016613, 0.012517617600710188, 1.0]]"
/home/kane/code/GF4/week2/Dataset_mode/images/IMG_6313.JPG,/home/kane/code/GF4/week2/Dataset_mode/images/IMG_6320.JPG,1098,741,1098,39,11,0.28205128205128205,109.5876957447128,57.821352201055475,0.11766810206725671,6.711727642770354e-13,0.78149012597312,"[[-2.6523946895835607e-06, -6.636120587511789e-06, 0.00807170346847386], [8.629047436212288e-06, -7.490674914134406e-07, -0.0065701175890710995], [-0.006102022289203033, 0.004666249710545913, 1.0]]"
/home/kane/code/GF4/week2/Dataset_mode/images/IMG_6316.JPG,/home/kane/code/GF4/week2/Dataset_mode/images/IMG_6320.JPG,922,741,922,105,48,0.45714285714285713,74.32437684736175,2.656986236147849,0.23587848960705982,0.18620347151464944,0.8295409327363618,"[[1.7987102269238473e-06, 1.3611501648105597e-05, -0.011681445043701024], [-1.1072710997790892e-05, 1.8774019638472644e-06, -0.008397779317432913], [0.009099607374942456, 0.004752417200116303, 1.0]]"
